t,Mean,Lower,Upper,variable,CRPS,simulation,TrueValue,posterior
1,5.005000000000075,0.25,9.75,R,NaN,Random walk,1.05075579797784,Filtering
2,1.137195317545134,0.95,1.3499999999999999,R,NaN,Random walk,1.15900937123493,Filtering
3,1.1623083515457986,0.9800000000000001,1.3599999999999999,R,NaN,Random walk,1.27904687521183,Filtering
4,1.1076944814947773,0.9300000000000002,1.29,R,NaN,Random walk,1.25432592311175,Filtering
5,1.0929601044174415,0.92,1.27,R,NaN,Random walk,1.21901276609247,Filtering
6,1.1157037541031147,0.95,1.3,R,NaN,Random walk,1.31982461556305,Filtering
7,1.1407172523788598,0.97,1.33,R,NaN,Random walk,1.33426741549276,Filtering
8,1.1908921683444398,1.02,1.38,R,NaN,Random walk,1.33722605619131,Filtering
9,1.2492492980970218,1.08,1.44,R,NaN,Random walk,1.38122648595819,Filtering
10,1.3045318632289238,1.1300000000000001,1.5,R,NaN,Random walk,1.46980665176169,Filtering
11,1.1173165782919483,0.95,1.28,R,NaN,Random walk,1.25954778340346,Filtering
12,1.3490510665634599,1.17,1.5499999999999998,R,NaN,Random walk,1.3479105093351,Filtering
13,1.230052726693805,1.08,1.39,R,NaN,Random walk,1.35394452271656,Filtering
14,1.3943970747696324,1.23,1.5899999999999999,R,NaN,Random walk,1.43794293409087,Filtering
15,1.2264853225306966,1.07,1.37,R,NaN,Random walk,1.32395180390399,Filtering
16,1.2105860019317378,1.07,1.34,R,NaN,Random walk,1.29365707384879,Filtering
17,1.2036031829524554,1.08,1.32,R,NaN,Random walk,1.19042944124553,Filtering
18,1.1846217619072583,1.06,1.29,R,NaN,Random walk,1.02019672710724,Filtering
19,1.1109021294386188,0.97,1.23,R,NaN,Random walk,1.13748865883978,Filtering
20,1.1657867734019587,1.06,1.27,R,NaN,Random walk,1.2926471263587,Filtering
21,1.201062742964086,1.1,1.32,R,NaN,Random walk,1.24790806219295,Filtering
22,1.1593246284189742,1.05,1.25,R,NaN,Random walk,1.26992577182373,Filtering
23,1.23741750303741,1.1400000000000001,1.37,R,NaN,Random walk,1.37300234856143,Filtering
24,1.2824196004971378,1.18,1.4200000000000002,R,NaN,Random walk,1.26157750118038,Filtering
25,1.3047514397193165,1.2,1.43,R,NaN,Random walk,1.24239833405177,Filtering
26,1.253567078198785,1.1600000000000001,1.3599999999999999,R,NaN,Random walk,1.15133041435367,Filtering
27,0.9093420220526192,0.79,1.0399999999999998,R,NaN,Random walk,0.937442694472502,Filtering
28,0.8882582714196452,0.7799999999999999,1.0,R,NaN,Random walk,0.80466476571653,Filtering
29,0.8469250603830851,0.75,0.95,R,NaN,Random walk,0.83997253619983,Filtering
30,0.7564748994400592,0.66,0.8599999999999999,R,NaN,Random walk,0.770540542072998,Filtering
31,0.8954419659418346,0.79,1.01,R,NaN,Random walk,0.876339512072316,Filtering
32,0.9693999918679579,0.8599999999999999,1.09,R,NaN,Random walk,0.935836791908507,Filtering
33,0.9263816584726912,0.8200000000000001,1.0399999999999998,R,NaN,Random walk,0.946752658260147,Filtering
34,0.8619376731314643,0.76,0.97,R,NaN,Random walk,0.938354461845845,Filtering
35,0.8586376942413694,0.76,0.97,R,NaN,Random walk,0.922556578053314,Filtering
36,0.9678620095913448,0.8599999999999999,1.08,R,NaN,Random walk,0.972493464862293,Filtering
37,0.8987506128315761,0.79,1.01,R,NaN,Random walk,0.875822968174508,Filtering
38,0.8779575511525626,0.77,0.99,R,NaN,Random walk,0.848120494406299,Filtering
39,0.6871236998835044,0.5800000000000001,0.7999999999999999,R,NaN,Random walk,0.649925608997018,Filtering
40,0.6898012480798084,0.59,0.79,R,NaN,Random walk,0.658019222189197,Filtering
41,0.6877971650548692,0.59,0.79,R,NaN,Random walk,0.736653639942764,Filtering
42,0.532592243869345,0.44,0.63,R,NaN,Random walk,0.534615273272704,Filtering
43,0.477908767628476,0.39,0.5700000000000001,R,NaN,Random walk,0.528510247902397,Filtering
44,0.529069301476178,0.44,0.63,R,NaN,Random walk,0.508145468302673,Filtering
45,0.4859028652570341,0.39,0.5800000000000001,R,NaN,Random walk,0.44697277599999,Filtering
46,0.5982221946274295,0.5,0.71,R,NaN,Random walk,0.514484786149741,Filtering
47,0.534212525341212,0.43,0.64,R,NaN,Random walk,0.687666652758221,Filtering
48,0.6300839453853606,0.52,0.75,R,NaN,Random walk,0.68915182037088,Filtering
49,0.5552352707093255,0.44,0.67,R,NaN,Random walk,0.724661142715747,Filtering
50,0.653324838468673,0.54,0.7799999999999999,R,NaN,Random walk,0.840263024138111,Filtering
51,0.9588482777739714,0.7999999999999999,1.1300000000000001,R,NaN,Random walk,0.976407115736378,Filtering
52,0.8196740607129361,0.67,0.9800000000000001,R,NaN,Random walk,0.809572465850976,Filtering
53,0.7473842158109945,0.6,0.9,R,NaN,Random walk,0.735767795852321,Filtering
54,0.859900121311057,0.71,1.02,R,NaN,Random walk,0.682530545189007,Filtering
55,0.6866046750856358,0.54,0.8400000000000001,R,NaN,Random walk,0.645923232664183,Filtering
56,0.6546800463394726,0.52,0.7999999999999999,R,NaN,Random walk,0.653307826746064,Filtering
57,0.7276344735858251,0.59,0.8799999999999999,R,NaN,Random walk,0.654546787631544,Filtering
58,0.8353930759438908,0.6799999999999999,1.01,R,NaN,Random walk,0.740303004888021,Filtering
59,0.7413015568666208,0.59,0.9099999999999999,R,NaN,Random walk,0.629911413056697,Filtering
60,0.6572580507718812,0.51,0.8200000000000001,R,NaN,Random walk,0.66478464188997,Filtering
61,0.699233776054044,0.55,0.8599999999999999,R,NaN,Random walk,0.599627547992097,Filtering
62,0.5350440773085388,0.39,0.6900000000000001,R,NaN,Random walk,0.623908199446909,Filtering
63,0.5334558198472823,0.39,0.6900000000000001,R,NaN,Random walk,0.6598634125902,Filtering
64,0.6254156330526832,0.48,0.79,R,NaN,Random walk,0.717115543950159,Filtering
65,0.8325423487188086,0.66,1.03,R,NaN,Random walk,0.925592364770454,Filtering
66,1.009825138282156,0.8099999999999999,1.24,R,NaN,Random walk,0.987107738116638,Filtering
67,0.9316937318934571,0.73,1.1500000000000001,R,NaN,Random walk,1.02435827657331,Filtering
68,0.9429749705759347,0.7400000000000001,1.1600000000000001,R,NaN,Random walk,0.873799137534769,Filtering
69,0.8400363652268674,0.64,1.05,R,NaN,Random walk,0.909444023549459,Filtering
70,0.9407280601358838,0.7400000000000001,1.1600000000000001,R,NaN,Random walk,0.976222168201091,Filtering
71,1.0427018789123261,0.83,1.28,R,NaN,Random walk,0.996468476611257,Filtering
72,1.0422355811722808,0.83,1.28,R,NaN,Random walk,1.09900209489661,Filtering
73,0.9646147572940346,0.76,1.19,R,NaN,Random walk,0.943010942561359,Filtering
74,1.0424885612849688,0.83,1.27,R,NaN,Random walk,0.976883460044748,Filtering
75,1.0280455354882134,0.8200000000000001,1.26,R,NaN,Random walk,0.961959830272741,Filtering
76,0.9318499664279133,0.73,1.1500000000000001,R,NaN,Random walk,1.0091507222337,Filtering
77,0.940793863474097,0.7400000000000001,1.1600000000000001,R,NaN,Random walk,0.935757419047802,Filtering
78,0.8868305636783097,0.6900000000000001,1.1,R,NaN,Random walk,0.913152537129962,Filtering
79,1.001422725924893,0.7999999999999999,1.23,R,NaN,Random walk,1.04529031057593,Filtering
80,0.9506489899129913,0.75,1.17,R,NaN,Random walk,1.01211333437453,Filtering
81,0.9788809768865523,0.77,1.2,R,NaN,Random walk,1.19935431101699,Filtering
82,1.448718840613651,1.2,1.73,R,NaN,Random walk,1.38549521020649,Filtering
83,1.1500488222419682,0.9099999999999999,1.41,R,NaN,Random walk,1.09715233869553,Filtering
84,1.2094439636962315,0.9800000000000001,1.46,R,NaN,Random walk,1.0743656787913,Filtering
85,1.249879476410837,1.02,1.5,R,NaN,Random walk,1.02816103456437,Filtering
86,1.2209833068784517,1.0,1.46,R,NaN,Random walk,1.16846520553051,Filtering
87,1.2212316084965333,1.0,1.46,R,NaN,Random walk,1.11991873158349,Filtering
88,1.2332655420038248,1.01,1.4700000000000002,R,NaN,Random walk,1.23624808384336,Filtering
89,1.150925170891592,0.94,1.38,R,NaN,Random walk,1.20476686479896,Filtering
90,1.3692217934158208,1.1500000000000001,1.6099999999999999,R,NaN,Random walk,1.32892576555317,Filtering
91,1.172650660247201,0.9599999999999999,1.4,R,NaN,Random walk,1.16025228126673,Filtering
92,1.362095463051321,1.1500000000000001,1.5999999999999999,R,NaN,Random walk,1.16722749201144,Filtering
93,1.2116668481805455,1.0,1.44,R,NaN,Random walk,1.10382527773161,Filtering
94,1.117304158334515,0.92,1.33,R,NaN,Random walk,1.06947027708051,Filtering
95,1.130682066753534,0.94,1.34,R,NaN,Random walk,1.23422323504758,Filtering
96,1.1309858881722645,0.94,1.34,R,NaN,Random walk,1.13784316826739,Filtering
97,1.018074085551497,0.83,1.21,R,NaN,Random walk,1.038436717091,Filtering
98,0.9956480141638647,0.8200000000000001,1.19,R,NaN,Random walk,1.14171462316315,Filtering
99,1.0878113731133219,0.9099999999999999,1.28,R,NaN,Random walk,1.07461161679909,Filtering
100,1.205137748318158,1.02,1.41,R,NaN,Random walk,1.08570007889435,Filtering
1,1.1348131192870734,0.8500000000000001,1.43,R,NaN,Random walk,1.05075579797784,Smoothing
2,1.13481311921124,0.9800000000000001,1.3,R,NaN,Random walk,1.15900937123493,Smoothing
3,1.1373139694904015,1.0,1.28,R,NaN,Random walk,1.27904687521183,Smoothing
4,1.1096807229799415,0.9800000000000001,1.25,R,NaN,Random walk,1.25432592311175,Smoothing
5,1.1016637749787943,0.97,1.24,R,NaN,Random walk,1.21901276609247,Smoothing
6,1.1192417262770011,0.99,1.26,R,NaN,Random walk,1.31982461556305,Smoothing
7,1.1479131197052257,1.01,1.29,R,NaN,Random walk,1.33426741549276,Smoothing
8,1.1920956843863633,1.06,1.33,R,NaN,Random walk,1.33722605619131,Smoothing
9,1.2370864685223717,1.1,1.38,R,NaN,Random walk,1.38122648595819,Smoothing
10,1.256202341107148,1.12,1.4,R,NaN,Random walk,1.46980665176169,Smoothing
11,1.185709681561473,1.05,1.33,R,NaN,Random walk,1.25954778340346,Smoothing
12,1.3021604730544698,1.17,1.44,R,NaN,Random walk,1.3479105093351,Smoothing
13,1.2671781367091497,1.1300000000000001,1.41,R,NaN,Random walk,1.35394452271656,Smoothing
14,1.3410199465275094,1.21,1.48,R,NaN,Random walk,1.43794293409087,Smoothing
15,1.2186269526213802,1.09,1.3499999999999999,R,NaN,Random walk,1.32395180390399,Smoothing
16,1.193131639494799,1.07,1.32,R,NaN,Random walk,1.29365707384879,Smoothing
17,1.1792310014858314,1.06,1.3,R,NaN,Random walk,1.19042944124553,Smoothing
18,1.1483911766884658,1.03,1.27,R,NaN,Random walk,1.02019672710724,Smoothing
19,1.0993278654258836,0.9800000000000001,1.22,R,NaN,Random walk,1.13748865883978,Smoothing
20,1.1776490292817574,1.06,1.3,R,NaN,Random walk,1.2926471263587,Smoothing
21,1.2118368042740746,1.1,1.33,R,NaN,Random walk,1.24790806219295,Smoothing
22,1.169808154880928,1.05,1.29,R,NaN,Random walk,1.26992577182373,Smoothing
23,1.293927975784925,1.18,1.4200000000000002,R,NaN,Random walk,1.37300234856143,Smoothing
24,1.316904504942779,1.2,1.44,R,NaN,Random walk,1.26157750118038,Smoothing
25,1.289807777806812,1.17,1.41,R,NaN,Random walk,1.24239833405177,Smoothing
26,1.1534399564755935,1.05,1.27,R,NaN,Random walk,1.15133041435367,Smoothing
27,0.9011775408190571,0.7999999999999999,1.0,R,NaN,Random walk,0.937442694472502,Smoothing
28,0.8741566764424568,0.7799999999999999,0.97,R,NaN,Random walk,0.80466476571653,Smoothing
29,0.8319452334501436,0.7400000000000001,0.9300000000000002,R,NaN,Random walk,0.83997253619983,Smoothing
30,0.7846842875013225,0.6900000000000001,0.8799999999999999,R,NaN,Random walk,0.770540542072998,Smoothing
31,0.9061947575810239,0.8099999999999999,1.01,R,NaN,Random walk,0.876339512072316,Smoothing
32,0.956078722365396,0.8599999999999999,1.06,R,NaN,Random walk,0.935836791908507,Smoothing
33,0.9112657575645975,0.8099999999999999,1.01,R,NaN,Random walk,0.946752658260147,Smoothing
34,0.8631747715258772,0.77,0.9599999999999999,R,NaN,Random walk,0.938354461845845,Smoothing
35,0.8761707755427619,0.7799999999999999,0.9800000000000001,R,NaN,Random walk,0.922556578053314,Smoothing
36,0.949069742539164,0.8500000000000001,1.05,R,NaN,Random walk,0.972493464862293,Smoothing
37,0.8784387415705571,0.7799999999999999,0.9800000000000001,R,NaN,Random walk,0.875822968174508,Smoothing
38,0.8250146566081427,0.73,0.92,R,NaN,Random walk,0.848120494406299,Smoothing
39,0.6800795836111878,0.59,0.77,R,NaN,Random walk,0.649925608997018,Smoothing
40,0.6750925874728996,0.59,0.77,R,NaN,Random walk,0.658019222189197,Smoothing
41,0.6402276656114811,0.56,0.73,R,NaN,Random walk,0.736653639942764,Smoothing
42,0.5173679950050314,0.44,0.6,R,NaN,Random walk,0.534615273272704,Smoothing
43,0.48745878526796965,0.41,0.5700000000000001,R,NaN,Random walk,0.528510247902397,Smoothing
44,0.5235612236193619,0.44,0.61,R,NaN,Random walk,0.508145468302673,Smoothing
45,0.510856585371937,0.42,0.6,R,NaN,Random walk,0.44697277599999,Smoothing
46,0.5876391530676679,0.5,0.6799999999999999,R,NaN,Random walk,0.514484786149741,Smoothing
47,0.558854423937563,0.45999999999999996,0.66,R,NaN,Random walk,0.687666652758221,Smoothing
48,0.6236526265959329,0.53,0.73,R,NaN,Random walk,0.68915182037088,Smoothing
49,0.605770196304036,0.5,0.72,R,NaN,Random walk,0.724661142715747,Smoothing
50,0.7247178204121424,0.61,0.8500000000000001,R,NaN,Random walk,0.840263024138111,Smoothing
51,0.8921304052628208,0.77,1.03,R,NaN,Random walk,0.976407115736378,Smoothing
52,0.7966499153359456,0.67,0.9300000000000002,R,NaN,Random walk,0.809572465850976,Smoothing
53,0.7623722919275262,0.64,0.89,R,NaN,Random walk,0.735767795852321,Smoothing
54,0.7908935046792094,0.67,0.92,R,NaN,Random walk,0.682530545189007,Smoothing
55,0.6874932056614117,0.56,0.8200000000000001,R,NaN,Random walk,0.645923232664183,Smoothing
56,0.687331591922095,0.56,0.8200000000000001,R,NaN,Random walk,0.653307826746064,Smoothing
57,0.7432218362677945,0.62,0.8799999999999999,R,NaN,Random walk,0.654546787631544,Smoothing
58,0.7767355750457954,0.65,0.9099999999999999,R,NaN,Random walk,0.740303004888021,Smoothing
59,0.699647946855768,0.5700000000000001,0.83,R,NaN,Random walk,0.629911413056697,Smoothing
60,0.648764616462385,0.52,0.7799999999999999,R,NaN,Random walk,0.66478464188997,Smoothing
61,0.6411606258777394,0.52,0.77,R,NaN,Random walk,0.599627547992097,Smoothing
62,0.5698746971617366,0.44,0.71,R,NaN,Random walk,0.623908199446909,Smoothing
63,0.6119104258072043,0.48,0.75,R,NaN,Random walk,0.6598634125902,Smoothing
64,0.7240658612391963,0.5800000000000001,0.87,R,NaN,Random walk,0.717115543950159,Smoothing
65,0.8754909559533619,0.73,1.0399999999999998,R,NaN,Random walk,0.925592364770454,Smoothing
66,0.9549585684229074,0.7999999999999999,1.1300000000000001,R,NaN,Random walk,0.987107738116638,Smoothing
67,0.9215477631785143,0.76,1.09,R,NaN,Random walk,1.02435827657331,Smoothing
68,0.9203190954725702,0.76,1.09,R,NaN,Random walk,0.873799137534769,Smoothing
69,0.9035917242879438,0.7400000000000001,1.08,R,NaN,Random walk,0.909444023549459,Smoothing
70,0.9737565411869857,0.8099999999999999,1.1500000000000001,R,NaN,Random walk,0.976222168201091,Smoothing
71,1.0205553212769702,0.8500000000000001,1.2,R,NaN,Random walk,0.996468476611257,Smoothing
72,1.0094132478508393,0.8400000000000001,1.19,R,NaN,Random walk,1.09900209489661,Smoothing
73,0.9837149444749846,0.8099999999999999,1.17,R,NaN,Random walk,0.943010942561359,Smoothing
74,1.0079684534051054,0.8400000000000001,1.19,R,NaN,Random walk,0.976883460044748,Smoothing
75,0.9794112223837828,0.8099999999999999,1.1600000000000001,R,NaN,Random walk,0.961959830272741,Smoothing
76,0.935357364010285,0.77,1.11,R,NaN,Random walk,1.0091507222337,Smoothing
77,0.9417593269342628,0.77,1.12,R,NaN,Random walk,0.935757419047802,Smoothing
78,0.9465189328567309,0.77,1.1300000000000001,R,NaN,Random walk,0.913152537129962,Smoothing
79,1.0141802752225324,0.8400000000000001,1.2,R,NaN,Random walk,1.04529031057593,Smoothing
80,1.0326728729969212,0.8500000000000001,1.22,R,NaN,Random walk,1.01211333437453,Smoothing
81,1.125682874534501,0.94,1.32,R,NaN,Random walk,1.19935431101699,Smoothing
82,1.3039208165779383,1.11,1.52,R,NaN,Random walk,1.38549521020649,Smoothing
83,1.1833679804336072,0.99,1.38,R,NaN,Random walk,1.09715233869553,Smoothing
84,1.2165244021899717,1.03,1.41,R,NaN,Random walk,1.0743656787913,Smoothing
85,1.230708729715722,1.05,1.43,R,NaN,Random walk,1.02816103456437,Smoothing
86,1.21746519427206,1.03,1.41,R,NaN,Random walk,1.16846520553051,Smoothing
87,1.2189788057322672,1.0399999999999998,1.41,R,NaN,Random walk,1.11991873158349,Smoothing
88,1.2218726078991011,1.0399999999999998,1.41,R,NaN,Random walk,1.23624808384336,Smoothing
89,1.2139168140989691,1.03,1.4,R,NaN,Random walk,1.20476686479896,Smoothing
90,1.2956106293034868,1.12,1.49,R,NaN,Random walk,1.32892576555317,Smoothing
91,1.215080873667469,1.03,1.4,R,NaN,Random walk,1.16025228126673,Smoothing
92,1.2709008060073543,1.1,1.46,R,NaN,Random walk,1.16722749201144,Smoothing
93,1.1650606111610413,1.0,1.34,R,NaN,Random walk,1.10382527773161,Smoothing
94,1.1122022781414935,0.95,1.28,R,NaN,Random walk,1.06947027708051,Smoothing
95,1.1092556006154988,0.95,1.28,R,NaN,Random walk,1.23422323504758,Smoothing
96,1.0857116179150972,0.9300000000000002,1.25,R,NaN,Random walk,1.13784316826739,Smoothing
97,1.0294134152072094,0.87,1.19,R,NaN,Random walk,1.038436717091,Smoothing
98,1.048822089138411,0.89,1.21,R,NaN,Random walk,1.14171462316315,Smoothing
99,1.132379089126374,0.97,1.31,R,NaN,Random walk,1.07461161679909,Smoothing
100,1.205137748318158,1.02,1.41,R,NaN,Random walk,1.08570007889435,Smoothing
1,2959.999999999988,148.0,5772.0,I,1866.191690592899,Random walk,109.0,Filtering
2,527.8832570383948,23.0,1057.0,I,240.2757673457138,Random walk,123.0,Filtering
3,137.5707966722595,23.0,292.0,I,12.254586611242567,Random walk,132.0,Filtering
4,146.08740807313993,25.0,309.0,I,13.508605142298137,Random walk,130.0,Filtering
5,143.58972861503915,23.0,306.0,I,12.909210790546767,Random walk,132.0,Filtering
6,144.61426619401823,23.0,309.0,I,12.777492189736376,Random walk,138.0,Filtering
7,150.1081062631656,25.0,320.0,I,13.18541502162979,Random walk,144.0,Filtering
8,156.33389394327793,26.0,332.0,I,13.860531008412668,Random walk,154.0,Filtering
9,166.71194509848004,29.0,352.0,I,14.818476951315665,Random walk,166.0,Filtering
10,179.73697474350598,32.0,376.0,I,15.76548333296954,Random walk,179.0,Filtering
11,188.67262611049694,50.0,366.0,I,18.707926660578263,Random walk,154.0,Filtering
12,167.8995890987305,44.0,314.0,I,23.244230226889496,Random walk,203.0,Filtering
13,201.29386166500413,104.0,328.0,I,9.86251817735744,Random walk,184.0,Filtering
14,195.50261154430464,100.0,296.0,I,20.57668133822899,Random walk,228.0,Filtering
15,227.8696105576031,149.0,328.0,I,18.74857113708283,Random walk,194.0,Filtering
16,212.37154313170052,144.0,276.0,I,7.364419055837264,Random walk,204.0,Filtering
17,216.20866073615232,161.0,270.0,I,5.966758002019832,Random walk,211.0,Filtering
18,221.207570011451,172.0,270.0,I,6.689092092349367,Random walk,212.0,Filtering
19,222.6112297543772,171.0,273.0,I,15.79268029299239,Random walk,197.0,Filtering
20,215.84587599760079,166.0,260.0,I,8.334083797651648,Random walk,230.0,Filtering
21,229.1110930645475,185.0,274.0,I,9.08813711297784,Random walk,244.0,Filtering
22,241.90405968151967,200.0,288.0,I,10.937223000129626,Random walk,223.0,Filtering
23,239.19326757798646,193.0,284.0,I,25.251578498754668,Random walk,276.0,Filtering
24,265.0926969331638,219.0,320.0,I,12.673519033159934,Random walk,285.0,Filtering
25,285.037736340021,237.0,342.0,I,8.332382131100562,Random walk,296.0,Filtering
26,300.48283470622465,253.0,357.0,I,10.993655938147711,Random walk,281.0,Filtering
27,298.53372227845944,217.0,382.0,I,73.79364980624226,Random walk,202.0,Filtering
28,223.03624973947024,151.0,293.0,I,8.961019113084031,Random walk,215.0,Filtering
29,217.7393929029763,152.0,286.0,I,9.842917151558277,Random walk,204.0,Filtering
30,205.0639565335756,142.0,271.0,I,16.517430964765644,Random walk,177.0,Filtering
31,178.77954395552734,120.0,240.0,I,27.715780758013576,Random walk,221.0,Filtering
32,207.06955425747893,146.0,274.0,I,13.703260093412759,Random walk,229.0,Filtering
33,220.61477829649385,159.0,287.0,I,9.073244396206467,Random walk,208.0,Filtering
34,208.43462896623325,149.0,271.0,I,11.630573940213694,Random walk,189.0,Filtering
35,190.82155405504975,135.0,249.0,I,6.592229568662879,Random walk,189.0,Filtering
36,186.19696526596744,132.0,244.0,I,19.952817080001054,Random walk,218.0,Filtering
37,206.8344192128365,152.0,267.0,I,11.576268056365965,Random walk,187.0,Filtering
38,189.6793794648143,137.0,245.0,I,6.81800289033497,Random walk,183.0,Filtering
39,181.89726396239354,128.0,239.0,I,35.818712779022576,Random walk,131.0,Filtering
40,138.47626361975924,92.0,187.0,I,5.567191898083916,Random walk,138.0,Filtering
41,133.20468895961875,90.0,180.0,I,5.23712768191704,Random walk,132.0,Filtering
42,126.64058937130208,84.0,173.0,I,25.697407284212655,Random walk,89.0,Filtering
43,92.24402470478049,56.0,131.0,I,7.786164071821549,Random walk,79.0,Filtering
44,76.96726356553087,45.0,111.0,I,6.924757895929837,Random walk,88.0,Filtering
45,78.5256472751326,48.0,112.0,I,5.708718047314921,Random walk,69.0,Filtering
46,66.16655578772844,39.0,97.0,I,15.531875159390273,Random walk,89.0,Filtering
47,75.0781049253707,47.0,107.0,I,6.885010200990311,Random walk,63.0,Filtering
48,61.85681317880477,37.0,90.0,I,11.087781626949642,Random walk,79.0,Filtering
49,67.6302771934164,42.0,96.0,I,7.257305415168787,Random walk,55.0,Filtering
50,55.24026649568334,32.0,81.0,I,10.231217863006975,Random walk,71.0,Filtering
51,61.33952825754588,36.0,90.0,I,36.97365001881842,Random walk,106.0,Filtering
52,85.20253160579071,56.0,119.0,I,10.873329299672694,Random walk,67.0,Filtering
53,70.91206315820989,44.0,101.0,I,5.743760718603615,Random walk,61.0,Filtering
54,62.32053853599581,38.0,90.0,I,9.244071755875218,Random walk,77.0,Filtering
55,69.62869322947526,44.0,99.0,I,14.310825198399662,Random walk,48.0,Filtering
56,53.41197526419904,31.0,79.0,I,3.3489603939354864,Random walk,49.0,Filtering
57,48.46642285156849,28.0,72.0,I,5.315700920893568,Random walk,57.0,Filtering
58,51.3217351126198,30.0,75.0,I,8.030654914351151,Random walk,64.0,Filtering
59,56.70360033598075,35.0,82.0,I,6.115317480288133,Random walk,46.0,Filtering
60,48.401660579650226,28.0,71.0,I,5.366827865600146,Random walk,39.0,Filtering
61,40.88190746135404,23.0,62.0,I,3.128435271090177,Random walk,45.0,Filtering
62,41.295572802860946,23.0,62.0,I,10.978096981328338,Random walk,25.0,Filtering
63,29.63051955018104,14.0,47.0,I,1.9542539824688037,Random walk,29.0,Filtering
64,27.367526316426044,13.0,44.0,I,5.503768927742225,Random walk,36.0,Filtering
65,29.995453391869283,15.0,47.0,I,14.548211376648942,Random walk,49.0,Filtering
66,38.37343492120249,22.0,58.0,I,10.048527865400784,Random walk,53.0,Filtering
67,45.181125986230924,27.0,67.0,I,3.5943357312546267,Random walk,39.0,Filtering
68,41.28997170017776,24.0,62.0,I,2.2936426973246977,Random walk,42.0,Filtering
69,41.347268379634414,24.0,61.0,I,4.743036545412229,Random walk,33.0,Filtering
70,36.136230710447286,20.0,55.0,I,4.896504675919323,Random walk,44.0,Filtering
71,39.90492569381941,23.0,59.0,I,5.045249353950838,Random walk,48.0,Filtering
72,44.155722546666695,26.0,65.0,I,2.265699745741255,Random walk,44.0,Filtering
73,44.321538263607366,27.0,65.0,I,3.6588432863860407,Random walk,38.0,Filtering
74,40.947784376855935,24.0,61.0,I,3.882988856640804,Random walk,47.0,Filtering
75,44.356157347427555,27.0,65.0,I,2.283372081725859,Random walk,43.0,Filtering
76,43.91171955301935,26.0,64.0,I,4.493809569549922,Random walk,36.0,Filtering
77,39.5927562881345,23.0,59.0,I,2.161275672392038,Random walk,40.0,Filtering
78,39.60729074035743,23.0,59.0,I,2.876749316632659,Random walk,35.0,Filtering
79,36.78024811369265,21.0,55.0,I,5.808368975556412,Random walk,46.0,Filtering
80,41.27337341824129,25.0,60.0,I,2.765775407797439,Random walk,37.0,Filtering
81,38.924375444258324,23.0,58.0,I,2.346089503169841,Random walk,41.0,Filtering
82,39.96723913158621,23.0,60.0,I,32.770020548877554,Random walk,78.0,Filtering
83,61.388498981360826,40.0,86.0,I,15.943706196165826,Random walk,39.0,Filtering
84,50.60313949859999,31.0,73.0,I,3.344938313673187,Random walk,55.0,Filtering
85,54.85830561685829,35.0,78.0,I,3.0358273935949516,Random walk,58.0,Filtering
86,58.674034892661304,38.0,83.0,I,2.8310943322759945,Random walk,56.0,Filtering
87,59.23809870753575,38.0,83.0,I,2.6898846478252816,Random walk,59.0,Filtering
88,61.16397086557197,39.0,86.0,I,2.794237794562097,Random walk,62.0,Filtering
89,63.81195395928438,42.0,89.0,I,4.563782056366734,Random walk,56.0,Filtering
90,61.07003028279833,39.0,86.0,I,14.738152042233505,Random walk,82.0,Filtering
91,75.84010634865177,51.0,104.0,I,12.066367807745403,Random walk,57.0,Filtering
92,67.10513047622918,43.0,93.0,I,12.6803112448893,Random walk,86.0,Filtering
93,81.43060737814756,56.0,110.0,I,9.19929939706524,Random walk,66.0,Filtering
94,75.11468217741658,50.0,103.0,I,5.835106614125415,Random walk,65.0,Filtering
95,70.99915891582141,46.0,98.0,I,3.1460737870230244,Random walk,72.0,Filtering
96,73.30580320800428,48.0,101.0,I,3.111442214731155,Random walk,73.0,Filtering
97,74.7488501063707,50.0,103.0,I,7.390974554276136,Random walk,62.0,Filtering
98,67.94320304501431,44.0,95.0,I,3.2071694472009784,Random walk,65.0,Filtering
99,66.61992756265019,43.0,93.0,I,6.399895018239196,Random walk,77.0,Filtering
100,73.41255418102396,49.0,101.0,I,8.464407517347832,Random walk,87.0,Filtering
1,2959.999999999988,148.0,5772.0,I,1866.191690592899,Random walk,109.0,Smoothing
2,123.69462999402539,97.0,153.0,I,3.3478546600939945,Random walk,123.0,Smoothing
3,129.6700707246061,103.0,158.0,I,3.4782655254146486,Random walk,132.0,Smoothing
4,131.7154538422364,105.0,160.0,I,3.359613505511284,Random walk,130.0,Smoothing
5,134.26225080897024,107.0,163.0,I,3.448178901029597,Random walk,132.0,Smoothing
6,139.06432531960212,111.0,169.0,I,3.416950630040563,Random walk,138.0,Smoothing
7,145.31812950535374,117.0,175.0,I,3.5077598476265317,Random walk,144.0,Smoothing
8,154.037634060223,125.0,185.0,I,3.586817102457192,Random walk,154.0,Smoothing
9,163.90718935179189,134.0,196.0,I,3.8471429388843825,Random walk,166.0,Smoothing
10,171.74968672825264,141.0,205.0,I,5.171041660546248,Random walk,179.0,Smoothing
11,168.43154418830215,137.0,201.0,I,8.446465933204589,Random walk,154.0,Smoothing
12,190.41836378974062,158.0,225.0,I,7.689637072550061,Random walk,203.0,Smoothing
13,192.53836761341512,159.0,228.0,I,5.593595631571129,Random walk,184.0,Smoothing
14,211.42676821278354,177.0,248.0,I,10.07101349767995,Random walk,228.0,Smoothing
15,201.31842458183274,167.0,237.0,I,5.263041472295098,Random walk,194.0,Smoothing
16,205.1851985807956,171.0,242.0,I,4.231389227546192,Random walk,204.0,Smoothing
17,209.82783661941482,175.0,247.0,I,4.31377474825657,Random walk,211.0,Smoothing
18,210.69251010723258,176.0,248.0,I,4.340418488534327,Random walk,212.0,Smoothing
19,207.2555218726821,172.0,244.0,I,6.401418833451125,Random walk,197.0,Smoothing
20,226.35210529188936,190.0,265.0,I,4.777483508149429,Random walk,230.0,Smoothing
21,237.96237342507834,201.0,277.0,I,5.38431189444967,Random walk,244.0,Smoothing
22,235.96363903853393,198.0,276.0,I,7.755287523192888,Random walk,223.0,Smoothing
23,267.2591240683655,228.0,309.0,I,6.412590632512749,Random walk,276.0,Smoothing
24,280.8608592708102,240.0,324.0,I,5.370847709285018,Random walk,285.0,Smoothing
25,286.11590234231494,245.0,330.0,I,6.958385319184995,Random walk,296.0,Smoothing
26,267.20950519910133,227.0,309.0,I,8.552625816946447,Random walk,281.0,Smoothing
27,217.13576316161794,180.0,256.0,I,8.86177400872071,Random walk,202.0,Smoothing
28,214.08082845152103,178.0,252.0,I,4.424441694752783,Random walk,215.0,Smoothing
29,203.78892906635744,169.0,241.0,I,4.293206611026127,Random walk,204.0,Smoothing
30,190.0384661879591,156.0,226.0,I,7.66905511781309,Random walk,177.0,Smoothing
31,214.25820523282937,179.0,252.0,I,5.430359016946863,Random walk,221.0,Smoothing
32,221.14420931311452,185.0,259.0,I,5.834671898818458,Random walk,229.0,Smoothing
33,207.7115448532488,173.0,245.0,I,4.314601189463697,Random walk,208.0,Smoothing
34,194.19427662654365,160.0,230.0,I,4.7078812101915535,Random walk,189.0,Smoothing
35,193.80289323908005,160.0,230.0,I,4.613579805414357,Random walk,189.0,Smoothing
36,205.8188999179925,171.0,243.0,I,7.559336081223169,Random walk,218.0,Smoothing
37,187.97394441112277,155.0,223.0,I,4.093180341885765,Random walk,187.0,Smoothing
38,174.03785544963824,142.0,208.0,I,5.917925106403605,Random walk,183.0,Smoothing
39,141.07302589790257,112.0,172.0,I,5.990137646599507,Random walk,131.0,Smoothing
40,135.7166508158594,108.0,166.0,I,3.633558519380564,Random walk,138.0,Smoothing
41,123.55303646026314,97.0,152.0,I,5.390472700683779,Random walk,132.0,Smoothing
42,95.30684008973924,72.0,121.0,I,4.046802187097688,Random walk,89.0,Smoothing
43,84.48749341097769,62.0,108.0,I,3.633517927515297,Random walk,79.0,Smoothing
44,84.19371348158303,63.0,108.0,I,3.258759832025569,Random walk,88.0,Smoothing
45,75.85022042500668,55.0,98.0,I,4.083975136602486,Random walk,69.0,Smoothing
46,80.055987049163,59.0,103.0,I,5.478117917028342,Random walk,89.0,Smoothing
47,70.24929357137816,51.0,92.0,I,4.2326403258674326,Random walk,63.0,Smoothing
48,72.21932719171775,53.0,93.0,I,4.265485837995197,Random walk,79.0,Smoothing
49,65.08916061034887,46.0,86.0,I,5.925860697187739,Random walk,55.0,Smoothing
50,72.10344518270185,53.0,93.0,I,2.4406838099221186,Random walk,71.0,Smoothing
51,82.8066552655565,62.0,105.0,I,17.174822523959968,Random walk,106.0,Smoothing
52,71.19150298444563,52.0,92.0,I,2.9733015804376426,Random walk,67.0,Smoothing
53,65.94776916375662,48.0,86.0,I,3.1642942070277416,Random walk,61.0,Smoothing
54,65.92939458011821,48.0,86.0,I,6.971511209012241,Random walk,77.0,Smoothing
55,55.63076047640549,39.0,74.0,I,4.3974747184143546,Random walk,48.0,Smoothing
56,53.4227783632587,37.0,72.0,I,2.8251340370505815,Random walk,49.0,Smoothing
57,54.974865439561455,39.0,73.0,I,2.3020115308734415,Random walk,57.0,Smoothing
58,54.77244524578809,38.0,73.0,I,5.749428306985652,Random walk,64.0,Smoothing
59,47.55049921102966,32.0,64.0,I,1.9905495792514984,Random walk,46.0,Smoothing
60,42.35928562064119,28.0,58.0,I,2.291963910978507,Random walk,39.0,Smoothing
61,39.830669776980116,26.0,55.0,I,3.2386254702494366,Random walk,45.0,Smoothing
62,33.65268464472275,21.0,48.0,I,5.285366340373954,Random walk,25.0,Smoothing
63,33.821215301116624,21.0,48.0,I,2.7820632248510497,Random walk,29.0,Smoothing
64,37.122103467952854,24.0,52.0,I,1.705354224201309,Random walk,36.0,Smoothing
65,41.850938715233156,28.0,57.0,I,4.419214200076462,Random walk,49.0,Smoothing
66,43.6258490962192,29.0,59.0,I,6.00677882160715,Random walk,53.0,Smoothing
67,41.39131658883866,28.0,57.0,I,1.9785978312499313,Random walk,39.0,Smoothing
68,40.80299898610091,27.0,56.0,I,1.8413469292418014,Random walk,42.0,Smoothing
69,39.629037750392754,26.0,55.0,I,3.8197590874276695,Random walk,33.0,Smoothing
70,41.86945452805497,28.0,57.0,I,2.0464086477195624,Random walk,44.0,Smoothing
71,43.28697994471018,29.0,59.0,I,3.015656961156144,Random walk,48.0,Smoothing
72,42.781754721490465,29.0,58.0,I,1.8770817859672526,Random walk,44.0,Smoothing
73,41.850823819249655,28.0,57.0,I,2.4242045186970964,Random walk,38.0,Smoothing
74,42.77977889110166,29.0,58.0,I,2.783315549379604,Random walk,47.0,Smoothing
75,41.688845223336536,28.0,57.0,I,1.8712319513988267,Random walk,43.0,Smoothing
76,39.955151626946545,26.0,55.0,I,2.444253102810588,Random walk,36.0,Smoothing
77,39.991606125687696,26.0,55.0,I,1.713237836160421,Random walk,40.0,Smoothing
78,39.84446257423352,26.0,55.0,I,2.830532990975441,Random walk,35.0,Smoothing
79,42.05248209868735,28.0,57.0,I,2.6567125925002153,Random walk,46.0,Smoothing
80,42.58479790008988,28.0,58.0,I,3.2198324565384198,Random walk,37.0,Smoothing
81,46.08969996553906,31.0,62.0,I,2.9917566948736973,Random walk,41.0,Smoothing
82,53.11387304228655,37.0,70.0,I,20.171710104878663,Random walk,78.0,Smoothing
83,50.37493606178165,35.0,67.0,I,7.232836667300484,Random walk,39.0,Smoothing
84,53.48971847535597,38.0,71.0,I,2.12529704878515,Random walk,55.0,Smoothing
85,55.82704996055966,40.0,74.0,I,2.2932527118886945,Random walk,58.0,Smoothing
86,57.16843248834462,41.0,75.0,I,2.0883850692494486,Random walk,56.0,Smoothing
87,59.14186185356453,42.0,78.0,I,2.091564835778939,Random walk,59.0,Smoothing
88,61.198579459535466,44.0,80.0,I,2.181656325261788,Random walk,62.0,Smoothing
89,62.81539527704826,45.0,82.0,I,3.95515591844636,Random walk,56.0,Smoothing
90,68.76925439707651,51.0,89.0,I,8.660330582504422,Random walk,82.0,Smoothing
91,67.32809427192643,49.0,87.0,I,6.144242598414937,Random walk,57.0,Smoothing
92,72.72003741601318,54.0,93.0,I,8.62860351871824,Random walk,86.0,Smoothing
93,69.67845258233689,51.0,90.0,I,2.767558930973983,Random walk,66.0,Smoothing
94,68.94745419072213,50.0,89.0,I,2.8414169047166653,Random walk,65.0,Smoothing
95,70.4373106826346,52.0,91.0,I,2.4532789992236665,Random walk,72.0,Smoothing
96,70.37724814055778,52.0,91.0,I,2.6540265631725166,Random walk,73.0,Smoothing
97,68.03626719138315,49.0,88.0,I,3.6197873366008166,Random walk,62.0,Smoothing
98,69.95980247536056,51.0,90.0,I,3.2007575156125556,Random walk,65.0,Smoothing
99,75.7471260847417,56.0,97.0,I,2.5249614376647127,Random walk,77.0,Smoothing
100,81.3175379525795,60.0,104.0,I,3.8809310427258987,Random walk,87.0,Smoothing
1,5.005000000000075,0.25,9.75,R,NaN,Sinusoidal,1.0,Filtering
2,1.409165620214952,1.17,1.6800000000000002,R,NaN,Sinusoidal,1.14737758720545,Filtering
3,1.3824021629419698,1.17,1.62,R,NaN,Sinusoidal,1.28166002903181,Filtering
4,1.2756162664687238,1.07,1.49,R,NaN,Sinusoidal,1.39091574123401,Filtering
5,1.4834794636848798,1.28,1.72,R,NaN,Sinusoidal,1.4654368743221,Filtering
6,1.4970983376176965,1.3,1.72,R,NaN,Sinusoidal,1.49860189859059,Filtering
7,1.3840730182939032,1.19,1.58,R,NaN,Sinusoidal,1.48746395609091,Filtering
8,1.1657575102408901,0.99,1.37,R,NaN,Sinusoidal,1.43301270189222,Filtering
9,1.2904411144083519,1.12,1.4700000000000002,R,NaN,Sinusoidal,1.34008636888546,Filtering
10,1.2898252568198352,1.12,1.4700000000000002,R,NaN,Sinusoidal,1.21694186955878,Filtering
11,1.0204508411752453,0.87,1.19,R,NaN,Sinusoidal,1.07452113308809,Filtering
12,0.9215749522055757,0.7799999999999999,1.07,R,NaN,Sinusoidal,0.925478866911913,Filtering
13,0.7837874077259768,0.66,0.92,R,NaN,Sinusoidal,0.783058130441221,Filtering
14,0.7196367515452309,0.6,0.8500000000000001,R,NaN,Sinusoidal,0.65991363111454,Filtering
15,0.5941987514559602,0.48,0.71,R,NaN,Sinusoidal,0.566987298107781,Filtering
16,0.5800091687041061,0.4700000000000001,0.7,R,NaN,Sinusoidal,0.512536043909088,Filtering
17,0.4621378371910828,0.36,0.5700000000000001,R,NaN,Sinusoidal,0.50139810140941,Filtering
18,0.532419770565112,0.43,0.65,R,NaN,Sinusoidal,0.534563125677898,Filtering
19,0.5036592138128251,0.4,0.62,R,NaN,Sinusoidal,0.609084258765985,Filtering
20,0.8024127691696641,0.66,0.97,R,NaN,Sinusoidal,0.718339970968189,Filtering
21,0.862679670882742,0.71,1.03,R,NaN,Sinusoidal,0.852622412794548,Filtering
22,1.012608239290508,0.8400000000000001,1.2,R,NaN,Sinusoidal,1.0,Filtering
23,1.2204557654197394,1.03,1.43,R,NaN,Sinusoidal,1.14737758720545,Filtering
24,1.2207275627746257,1.03,1.4200000000000002,R,NaN,Sinusoidal,1.28166002903181,Filtering
25,1.42065579306727,1.22,1.64,R,NaN,Sinusoidal,1.39091574123401,Filtering
26,1.4339317371366385,1.23,1.65,R,NaN,Sinusoidal,1.4654368743221,Filtering
27,1.6094458398626597,1.4,1.83,R,NaN,Sinusoidal,1.49860189859059,Filtering
28,1.4818583442930944,1.29,1.6900000000000002,R,NaN,Sinusoidal,1.48746395609091,Filtering
29,1.362654471118908,1.18,1.5599999999999998,R,NaN,Sinusoidal,1.43301270189222,Filtering
30,1.3290761551279127,1.1600000000000001,1.51,R,NaN,Sinusoidal,1.34008636888546,Filtering
31,1.4314490627914782,1.26,1.62,R,NaN,Sinusoidal,1.21694186955878,Filtering
32,1.0220090156059705,0.87,1.19,R,NaN,Sinusoidal,1.07452113308809,Filtering
33,0.9041083443263594,0.77,1.05,R,NaN,Sinusoidal,0.925478866911913,Filtering
34,0.7714032003209246,0.65,0.9099999999999999,R,NaN,Sinusoidal,0.783058130441221,Filtering
35,0.6512669490181144,0.54,0.7799999999999999,R,NaN,Sinusoidal,0.65991363111454,Filtering
36,0.6787096232416765,0.56,0.7999999999999999,R,NaN,Sinusoidal,0.566987298107781,Filtering
37,0.5142164141569411,0.41,0.63,R,NaN,Sinusoidal,0.512536043909088,Filtering
38,0.4402868286546663,0.33999999999999997,0.55,R,NaN,Sinusoidal,0.50139810140941,Filtering
39,0.5683629279467657,0.45999999999999996,0.6900000000000001,R,NaN,Sinusoidal,0.534563125677898,Filtering
40,0.6680211278439085,0.54,0.8099999999999999,R,NaN,Sinusoidal,0.609084258765985,Filtering
41,0.7514421423961473,0.61,0.9,R,NaN,Sinusoidal,0.718339970968189,Filtering
42,0.7843266269143179,0.64,0.94,R,NaN,Sinusoidal,0.852622412794548,Filtering
43,0.994432642405031,0.83,1.17,R,NaN,Sinusoidal,1.0,Filtering
44,1.0063415520368093,0.8400000000000001,1.19,R,NaN,Sinusoidal,1.14737758720545,Filtering
45,1.0126172926968553,0.8400000000000001,1.2,R,NaN,Sinusoidal,1.28166002903181,Filtering
46,1.418863591372426,1.22,1.64,R,NaN,Sinusoidal,1.39091574123401,Filtering
47,1.322166679893621,1.12,1.5399999999999998,R,NaN,Sinusoidal,1.4654368743221,Filtering
48,1.4892251969483876,1.28,1.7099999999999997,R,NaN,Sinusoidal,1.49860189859059,Filtering
49,1.3408052361394591,1.1400000000000001,1.5499999999999998,R,NaN,Sinusoidal,1.48746395609091,Filtering
50,1.5590591566407312,1.3599999999999999,1.77,R,NaN,Sinusoidal,1.43301270189222,Filtering
51,1.4084319000028587,1.22,1.6099999999999999,R,NaN,Sinusoidal,1.34008636888546,Filtering
52,1.2806253434688035,1.1,1.4700000000000002,R,NaN,Sinusoidal,1.21694186955878,Filtering
53,1.0885185500795902,0.9300000000000002,1.26,R,NaN,Sinusoidal,1.07452113308809,Filtering
54,0.9455597682764508,0.7999999999999999,1.1,R,NaN,Sinusoidal,0.925478866911913,Filtering
55,0.9604693361194641,0.8200000000000001,1.11,R,NaN,Sinusoidal,0.783058130441221,Filtering
56,0.7726374818423579,0.64,0.92,R,NaN,Sinusoidal,0.65991363111454,Filtering
57,0.6172423665102095,0.5,0.75,R,NaN,Sinusoidal,0.56698729810778,Filtering
58,0.5188218190245341,0.41,0.64,R,NaN,Sinusoidal,0.512536043909088,Filtering
59,0.5050708460273322,0.4,0.62,R,NaN,Sinusoidal,0.50139810140941,Filtering
60,0.5642261645207128,0.45,0.6900000000000001,R,NaN,Sinusoidal,0.534563125677898,Filtering
61,0.5896297760251109,0.4700000000000001,0.72,R,NaN,Sinusoidal,0.609084258765985,Filtering
62,0.6679977458787323,0.54,0.8099999999999999,R,NaN,Sinusoidal,0.718339970968189,Filtering
63,0.7320525865239071,0.59,0.89,R,NaN,Sinusoidal,0.852622412794549,Filtering
64,0.8576273415729139,0.7,1.03,R,NaN,Sinusoidal,1.0,Filtering
65,1.017518367935105,0.8400000000000001,1.21,R,NaN,Sinusoidal,1.14737758720545,Filtering
66,1.0993428480151066,0.9099999999999999,1.3,R,NaN,Sinusoidal,1.28166002903181,Filtering
67,1.4024293750385306,1.19,1.6300000000000001,R,NaN,Sinusoidal,1.39091574123401,Filtering
68,1.6669897682833505,1.44,1.9099999999999997,R,NaN,Sinusoidal,1.4654368743221,Filtering
69,1.5645419279852244,1.34,1.7999999999999998,R,NaN,Sinusoidal,1.49860189859059,Filtering
70,1.576306011875049,1.3599999999999999,1.8099999999999998,R,NaN,Sinusoidal,1.48746395609091,Filtering
71,1.475061092744112,1.27,1.6900000000000002,R,NaN,Sinusoidal,1.43301270189222,Filtering
72,1.5370883705118161,1.34,1.7499999999999998,R,NaN,Sinusoidal,1.34008636888546,Filtering
73,1.3615202541964182,1.17,1.5599999999999998,R,NaN,Sinusoidal,1.21694186955878,Filtering
74,1.2717347077929722,1.1,1.46,R,NaN,Sinusoidal,1.07452113308809,Filtering
75,1.0101727969482757,0.8500000000000001,1.18,R,NaN,Sinusoidal,0.925478866911912,Filtering
76,0.8447328785663564,0.71,0.99,R,NaN,Sinusoidal,0.783058130441221,Filtering
77,0.8088385746933124,0.6799999999999999,0.95,R,NaN,Sinusoidal,0.65991363111454,Filtering
78,0.7292575080833648,0.6,0.87,R,NaN,Sinusoidal,0.56698729810778,Filtering
79,0.647736737803318,0.53,0.7799999999999999,R,NaN,Sinusoidal,0.512536043909088,Filtering
80,0.608284032575457,0.49,0.7400000000000001,R,NaN,Sinusoidal,0.50139810140941,Filtering
81,0.5648733916732922,0.45,0.6900000000000001,R,NaN,Sinusoidal,0.534563125677898,Filtering
82,0.5696598135897397,0.45,0.7,R,NaN,Sinusoidal,0.609084258765985,Filtering
83,0.6375886832519213,0.51,0.7799999999999999,R,NaN,Sinusoidal,0.718339970968189,Filtering
84,0.8601526033051288,0.71,1.02,R,NaN,Sinusoidal,0.852622412794549,Filtering
85,0.9429568360121183,0.7799999999999999,1.12,R,NaN,Sinusoidal,1.0,Filtering
86,1.1025415503313885,0.92,1.29,R,NaN,Sinusoidal,1.14737758720545,Filtering
87,1.179704677798777,0.99,1.38,R,NaN,Sinusoidal,1.28166002903181,Filtering
88,1.5208588269093637,1.31,1.7499999999999998,R,NaN,Sinusoidal,1.39091574123401,Filtering
89,1.3849425450925512,1.18,1.5999999999999999,R,NaN,Sinusoidal,1.4654368743221,Filtering
90,1.3996487307030832,1.2,1.6099999999999999,R,NaN,Sinusoidal,1.49860189859059,Filtering
91,1.2932255135694677,1.1,1.5,R,NaN,Sinusoidal,1.48746395609091,Filtering
92,1.290364756736826,1.11,1.49,R,NaN,Sinusoidal,1.43301270189222,Filtering
93,1.3442227653278338,1.1600000000000001,1.5399999999999998,R,NaN,Sinusoidal,1.34008636888546,Filtering
94,1.2472374326702047,1.07,1.43,R,NaN,Sinusoidal,1.21694186955878,Filtering
95,1.1354926236180172,0.97,1.31,R,NaN,Sinusoidal,1.07452113308809,Filtering
96,0.9287942918930404,0.7799999999999999,1.09,R,NaN,Sinusoidal,0.925478866911912,Filtering
97,0.8061176138415015,0.67,0.95,R,NaN,Sinusoidal,0.783058130441221,Filtering
98,0.6372155624260847,0.51,0.77,R,NaN,Sinusoidal,0.65991363111454,Filtering
99,0.5900417288120401,0.4700000000000001,0.72,R,NaN,Sinusoidal,0.56698729810778,Filtering
100,0.49975754005815487,0.39,0.62,R,NaN,Sinusoidal,0.512536043909088,Filtering
1,1.3916571342902206,0.9800000000000001,1.83,R,NaN,Sinusoidal,1.0,Smoothing
2,1.3916571334856502,1.18,1.6099999999999999,R,NaN,Sinusoidal,1.14737758720545,Smoothing
3,1.3655037656544333,1.19,1.5499999999999998,R,NaN,Sinusoidal,1.28166002903181,Smoothing
4,1.3216146523151093,1.1500000000000001,1.5,R,NaN,Sinusoidal,1.39091574123401,Smoothing
5,1.4534948875079872,1.28,1.6300000000000001,R,NaN,Sinusoidal,1.4654368743221,Smoothing
6,1.4593355591255346,1.29,1.64,R,NaN,Sinusoidal,1.49860189859059,Smoothing
7,1.350589038435896,1.19,1.52,R,NaN,Sinusoidal,1.48746395609091,Smoothing
8,1.1967552458650554,1.05,1.3499999999999999,R,NaN,Sinusoidal,1.43301270189222,Smoothing
9,1.2636209682100783,1.12,1.4200000000000002,R,NaN,Sinusoidal,1.34008636888546,Smoothing
10,1.2290391250826909,1.09,1.38,R,NaN,Sinusoidal,1.21694186955878,Smoothing
11,1.0146539617298305,0.89,1.1500000000000001,R,NaN,Sinusoidal,1.07452113308809,Smoothing
12,0.8989169675885111,0.7799999999999999,1.02,R,NaN,Sinusoidal,0.925478866911913,Smoothing
13,0.7731914439254313,0.66,0.89,R,NaN,Sinusoidal,0.783058130441221,Smoothing
14,0.6951708565111738,0.59,0.8099999999999999,R,NaN,Sinusoidal,0.65991363111454,Smoothing
15,0.5894365361585585,0.49,0.6900000000000001,R,NaN,Sinusoidal,0.566987298107781,Smoothing
16,0.5572134294746434,0.45999999999999996,0.66,R,NaN,Sinusoidal,0.512536043909088,Smoothing
17,0.47503255299457725,0.38,0.5800000000000001,R,NaN,Sinusoidal,0.50139810140941,Smoothing
18,0.5332455327484148,0.44,0.64,R,NaN,Sinusoidal,0.534563125677898,Smoothing
19,0.5500711502572788,0.44,0.67,R,NaN,Sinusoidal,0.609084258765985,Smoothing
20,0.8004014831406501,0.6799999999999999,0.9300000000000002,R,NaN,Sinusoidal,0.718339970968189,Smoothing
21,0.8918690875962809,0.75,1.0399999999999998,R,NaN,Sinusoidal,0.852622412794548,Smoothing
22,1.0434562960253118,0.89,1.2,R,NaN,Sinusoidal,1.0,Smoothing
23,1.2133128468872851,1.05,1.39,R,NaN,Sinusoidal,1.14737758720545,Smoothing
24,1.2598367113715025,1.09,1.44,R,NaN,Sinusoidal,1.28166002903181,Smoothing
25,1.4178170365995995,1.24,1.5999999999999999,R,NaN,Sinusoidal,1.39091574123401,Smoothing
26,1.4589633505141246,1.28,1.65,R,NaN,Sinusoidal,1.4654368743221,Smoothing
27,1.565884871604451,1.39,1.7499999999999998,R,NaN,Sinusoidal,1.49860189859059,Smoothing
28,1.4531068954826651,1.28,1.6300000000000001,R,NaN,Sinusoidal,1.48746395609091,Smoothing
29,1.3553668129560075,1.19,1.53,R,NaN,Sinusoidal,1.43301270189222,Smoothing
30,1.328011994212329,1.17,1.49,R,NaN,Sinusoidal,1.34008636888546,Smoothing
31,1.3318876441459557,1.18,1.49,R,NaN,Sinusoidal,1.21694186955878,Smoothing
32,0.9953914241137303,0.8599999999999999,1.1400000000000001,R,NaN,Sinusoidal,1.07452113308809,Smoothing
33,0.8734224092033518,0.75,1.0,R,NaN,Sinusoidal,0.925478866911913,Smoothing
34,0.7479410228138283,0.64,0.87,R,NaN,Sinusoidal,0.783058130441221,Smoothing
35,0.6500009273029371,0.54,0.76,R,NaN,Sinusoidal,0.65991363111454,Smoothing
36,0.6403650854776113,0.54,0.75,R,NaN,Sinusoidal,0.566987298107781,Smoothing
37,0.5046998964876566,0.41,0.61,R,NaN,Sinusoidal,0.512536043909088,Smoothing
38,0.4654505050906139,0.37,0.5700000000000001,R,NaN,Sinusoidal,0.50139810140941,Smoothing
39,0.584811877668157,0.48,0.7,R,NaN,Sinusoidal,0.534563125677898,Smoothing
40,0.6823647856994444,0.5700000000000001,0.8099999999999999,R,NaN,Sinusoidal,0.609084258765985,Smoothing
41,0.7631405697814366,0.64,0.9,R,NaN,Sinusoidal,0.718339970968189,Smoothing
42,0.8250477605008641,0.6900000000000001,0.97,R,NaN,Sinusoidal,0.852622412794548,Smoothing
43,0.9943660572134585,0.8500000000000001,1.1500000000000001,R,NaN,Sinusoidal,1.0,Smoothing
44,1.0233550027480618,0.87,1.19,R,NaN,Sinusoidal,1.14737758720545,Smoothing
45,1.0904113448392487,0.92,1.27,R,NaN,Sinusoidal,1.28166002903181,Smoothing
46,1.3885764255861925,1.21,1.58,R,NaN,Sinusoidal,1.39091574123401,Smoothing
47,1.3520428186074824,1.17,1.5399999999999998,R,NaN,Sinusoidal,1.4654368743221,Smoothing
48,1.4566608223442739,1.28,1.65,R,NaN,Sinusoidal,1.49860189859059,Smoothing
49,1.3784466192322158,1.2,1.57,R,NaN,Sinusoidal,1.48746395609091,Smoothing
50,1.508389838222116,1.33,1.6900000000000002,R,NaN,Sinusoidal,1.43301270189222,Smoothing
51,1.3649397023311103,1.2,1.5399999999999998,R,NaN,Sinusoidal,1.34008636888546,Smoothing
52,1.227348565807415,1.07,1.39,R,NaN,Sinusoidal,1.21694186955878,Smoothing
53,1.0549299576897582,0.9099999999999999,1.2,R,NaN,Sinusoidal,1.07452113308809,Smoothing
54,0.9376717806689041,0.7999999999999999,1.08,R,NaN,Sinusoidal,0.925478866911913,Smoothing
55,0.9077041692865687,0.7799999999999999,1.0399999999999998,R,NaN,Sinusoidal,0.783058130441221,Smoothing
56,0.7312180720483115,0.62,0.8500000000000001,R,NaN,Sinusoidal,0.65991363111454,Smoothing
57,0.5948666579571009,0.49,0.71,R,NaN,Sinusoidal,0.56698729810778,Smoothing
58,0.5179748062542283,0.42,0.63,R,NaN,Sinusoidal,0.512536043909088,Smoothing
59,0.516768069521732,0.42,0.63,R,NaN,Sinusoidal,0.50139810140941,Smoothing
60,0.5710646569915729,0.45999999999999996,0.6900000000000001,R,NaN,Sinusoidal,0.534563125677898,Smoothing
61,0.6081373653106457,0.49,0.73,R,NaN,Sinusoidal,0.609084258765985,Smoothing
62,0.687291561771716,0.56,0.8200000000000001,R,NaN,Sinusoidal,0.718339970968189,Smoothing
63,0.766902164463065,0.63,0.9099999999999999,R,NaN,Sinusoidal,0.852622412794549,Smoothing
64,0.8991105512428417,0.75,1.06,R,NaN,Sinusoidal,1.0,Smoothing
65,1.0523110680039847,0.89,1.23,R,NaN,Sinusoidal,1.14737758720545,Smoothing
66,1.1775858528272312,1.0,1.37,R,NaN,Sinusoidal,1.28166002903181,Smoothing
67,1.449206780330122,1.26,1.65,R,NaN,Sinusoidal,1.39091574123401,Smoothing
68,1.6294277848687324,1.43,1.84,R,NaN,Sinusoidal,1.4654368743221,Smoothing
69,1.5580543481903892,1.3599999999999999,1.77,R,NaN,Sinusoidal,1.49860189859059,Smoothing
70,1.548448392293093,1.3599999999999999,1.7499999999999998,R,NaN,Sinusoidal,1.48746395609091,Smoothing
71,1.4756063010197584,1.29,1.6700000000000002,R,NaN,Sinusoidal,1.43301270189222,Smoothing
72,1.4832208137218912,1.31,1.6700000000000002,R,NaN,Sinusoidal,1.34008636888546,Smoothing
73,1.3218228960715435,1.1600000000000001,1.49,R,NaN,Sinusoidal,1.21694186955878,Smoothing
74,1.198010117548527,1.05,1.3599999999999999,R,NaN,Sinusoidal,1.07452113308809,Smoothing
75,0.9687658319014438,0.83,1.11,R,NaN,Sinusoidal,0.925478866911912,Smoothing
76,0.8320116326600027,0.71,0.9599999999999999,R,NaN,Sinusoidal,0.783058130441221,Smoothing
77,0.7861426897946133,0.67,0.9099999999999999,R,NaN,Sinusoidal,0.65991363111454,Smoothing
78,0.7077688595636824,0.59,0.83,R,NaN,Sinusoidal,0.56698729810778,Smoothing
79,0.6357574814296507,0.53,0.75,R,NaN,Sinusoidal,0.512536043909088,Smoothing
80,0.5981970568634803,0.49,0.71,R,NaN,Sinusoidal,0.50139810140941,Smoothing
81,0.5688675654914814,0.45999999999999996,0.6799999999999999,R,NaN,Sinusoidal,0.534563125677898,Smoothing
82,0.5911534946069454,0.48,0.71,R,NaN,Sinusoidal,0.609084258765985,Smoothing
83,0.683174016131574,0.56,0.8200000000000001,R,NaN,Sinusoidal,0.718339970968189,Smoothing
84,0.8835222340400899,0.7400000000000001,1.03,R,NaN,Sinusoidal,0.852622412794549,Smoothing
85,0.982842027173916,0.83,1.1500000000000001,R,NaN,Sinusoidal,1.0,Smoothing
86,1.1325871616406586,0.97,1.31,R,NaN,Sinusoidal,1.14737758720545,Smoothing
87,1.2446225855217636,1.07,1.43,R,NaN,Sinusoidal,1.28166002903181,Smoothing
88,1.4796852072775297,1.3,1.6800000000000002,R,NaN,Sinusoidal,1.39091574123401,Smoothing
89,1.3792985663759612,1.2,1.57,R,NaN,Sinusoidal,1.4654368743221,Smoothing
90,1.370555349714892,1.19,1.5599999999999998,R,NaN,Sinusoidal,1.49860189859059,Smoothing
91,1.2914740995939054,1.12,1.4700000000000002,R,NaN,Sinusoidal,1.48746395609091,Smoothing
92,1.2928909974301366,1.1300000000000001,1.4700000000000002,R,NaN,Sinusoidal,1.43301270189222,Smoothing
93,1.3102167992685707,1.1500000000000001,1.48,R,NaN,Sinusoidal,1.34008636888546,Smoothing
94,1.2047096952413323,1.05,1.37,R,NaN,Sinusoidal,1.21694186955878,Smoothing
95,1.0740474150601225,0.9300000000000002,1.23,R,NaN,Sinusoidal,1.07452113308809,Smoothing
96,0.8870485944398928,0.76,1.03,R,NaN,Sinusoidal,0.925478866911912,Smoothing
97,0.7601604222725015,0.64,0.89,R,NaN,Sinusoidal,0.783058130441221,Smoothing
98,0.6197064169137279,0.51,0.7400000000000001,R,NaN,Sinusoidal,0.65991363111454,Smoothing
99,0.5676626663524055,0.45999999999999996,0.6799999999999999,R,NaN,Sinusoidal,0.56698729810778,Smoothing
100,0.49975754005815487,0.39,0.62,R,NaN,Sinusoidal,0.512536043909088,Smoothing
1,2009.9999999999886,100.0,3920.0,I,1258.5672718229484,Sinusoidal,83.0,Filtering
2,401.9661498549104,17.0,806.0,I,166.73495915309724,Sinusoidal,116.0,Filtering
3,139.37104623353497,26.0,284.0,I,11.881848298385421,Sinusoidal,130.0,Filtering
4,150.74746659795662,28.0,308.0,I,14.343272272880249,Sinusoidal,131.0,Filtering
5,149.27593474103273,26.0,308.0,I,16.776370377522053,Sinusoidal,167.0,Filtering
6,185.2267372470955,37.0,375.0,I,14.988444017523141,Sinusoidal,180.0,Filtering
7,202.25569819101858,40.0,406.0,I,17.93301672552286,Sinusoidal,178.0,Filtering
8,201.31236157549128,38.0,408.0,I,25.38741918421025,Sinusoidal,158.0,Filtering
9,179.91098337533677,30.0,374.0,I,16.579042997974774,Sinusoidal,188.0,Filtering
10,205.78123492203204,37.0,425.0,I,17.00691355923929,Sinusoidal,195.0,Filtering
11,212.14966256096923,44.0,425.0,I,30.402185700569078,Sinusoidal,158.0,Filtering
12,172.10837113369197,41.0,333.0,I,16.60362938660379,Sinusoidal,147.0,Filtering
13,154.49142784574465,45.0,283.0,I,17.21226678886617,Sinusoidal,125.0,Filtering
14,129.18807747271262,46.0,222.0,I,10.593155685115455,Sinusoidal,114.0,Filtering
15,114.43058209726179,44.0,191.0,I,14.11563488896877,Sinusoidal,90.0,Filtering
16,90.43378844677156,37.0,148.0,I,6.116328009751044,Sinusoidal,86.0,Filtering
17,82.76564586437625,35.0,135.0,I,12.019446502943788,Sinusoidal,62.0,Filtering
18,61.55049019429501,24.0,102.0,I,6.898820146027862,Sinusoidal,72.0,Filtering
19,64.94747002799213,30.0,104.0,I,4.489278271067929,Sinusoidal,60.0,Filtering
20,56.766417361301066,19.0,99.0,I,31.804580006476286,Sinusoidal,99.0,Filtering
21,84.04079639025588,42.0,134.0,I,6.6889939569245795,Sinusoidal,92.0,Filtering
22,86.54704498361656,44.0,135.0,I,11.487470057205918,Sinusoidal,105.0,Filtering
23,99.11347985159483,53.0,151.0,I,15.636821422004878,Sinusoidal,124.0,Filtering
24,118.94221265734558,70.0,174.0,I,5.906728024953292,Sinusoidal,119.0,Filtering
25,121.4045532738535,71.0,176.0,I,15.17652318097861,Sinusoidal,146.0,Filtering
26,146.3995576937751,92.0,206.0,I,6.59856561346823,Sinusoidal,148.0,Filtering
27,155.57694455497935,99.0,217.0,I,14.361012997135374,Sinusoidal,179.0,Filtering
28,186.3202015199443,124.0,254.0,I,11.17864120643246,Sinusoidal,168.0,Filtering
29,183.69035311209356,121.0,250.0,I,11.469100465346468,Sinusoidal,165.0,Filtering
30,179.23455863643005,117.0,245.0,I,7.7785122155666615,Sinusoidal,173.0,Filtering
31,184.0916473231858,121.0,251.0,I,11.241081156729898,Sinusoidal,201.0,Filtering
32,209.80094234056548,138.0,287.0,I,49.492011587257224,Sinusoidal,140.0,Filtering
33,154.65548413880677,91.0,221.0,I,12.94644716774416,Sinusoidal,133.0,Filtering
34,138.40169530572223,79.0,201.0,I,14.251540107771078,Sinusoidal,114.0,Filtering
35,116.98633800850604,63.0,174.0,I,12.807635564093717,Sinusoidal,95.0,Filtering
36,95.94139779120515,49.0,147.0,I,6.040942174399651,Sinusoidal,100.0,Filtering
37,95.8168403888049,50.0,146.0,I,16.875060221302142,Sinusoidal,68.0,Filtering
38,68.52004423257384,31.0,110.0,I,7.4199471466982105,Sinusoidal,56.0,Filtering
39,54.373650485835455,22.0,90.0,I,12.451839474376264,Sinusoidal,74.0,Filtering
40,64.87773499598619,31.0,103.0,I,8.782978706803657,Sinusoidal,79.0,Filtering
41,70.9714464467865,36.0,110.0,I,7.179461744066879,Sinusoidal,82.0,Filtering
42,75.13853414505095,41.0,114.0,I,4.753941875190444,Sinusoidal,79.0,Filtering
43,74.70945399789714,40.0,113.0,I,17.493042355686264,Sinusoidal,101.0,Filtering
44,91.85322905983625,54.0,134.0,I,4.729152184364176,Sinusoidal,93.0,Filtering
45,91.6906062522388,55.0,133.0,I,4.625689145138403,Sinusoidal,92.0,Filtering
46,91.7721883872818,53.0,135.0,I,37.80895223008277,Sinusoidal,141.0,Filtering
47,131.5704431032059,86.0,183.0,I,7.559195548937702,Sinusoidal,120.0,Filtering
48,127.5567550775398,81.0,178.0,I,12.511845780507553,Sinusoidal,148.0,Filtering
49,151.36608989903914,100.0,207.0,I,11.2705393804502,Sinusoidal,132.0,Filtering
50,143.51082188457167,93.0,198.0,I,18.40310834860037,Sinusoidal,173.0,Filtering
51,177.6623165733521,121.0,240.0,I,12.630684061282695,Sinusoidal,156.0,Filtering
52,170.62964341533404,113.0,232.0,I,11.66965816783321,Sinusoidal,151.0,Filtering
53,163.10668961295625,106.0,224.0,I,17.847558718948093,Sinusoidal,133.0,Filtering
54,143.29163872671032,89.0,201.0,I,13.559773483327092,Sinusoidal,120.0,Filtering
55,126.294097369089,76.0,181.0,I,6.238848818160416,Sinusoidal,128.0,Filtering
56,128.66617600360695,78.0,184.0,I,18.608703745491866,Sinusoidal,98.0,Filtering
57,102.06998352540298,57.0,151.0,I,14.907453036872667,Sinusoidal,77.0,Filtering
58,78.81376919418776,40.0,122.0,I,9.130876850401249,Sinusoidal,63.0,Filtering
59,62.74180138346989,29.0,100.0,I,4.26344522201856,Sinusoidal,60.0,Filtering
60,56.95082770627927,26.0,91.0,I,5.630049738976599,Sinusoidal,65.0,Filtering
61,59.038751880693795,29.0,93.0,I,4.106993829194074,Sinusoidal,62.0,Filtering
62,57.26922068612781,28.0,90.0,I,6.270907923001364,Sinusoidal,67.0,Filtering
63,60.5603706513558,32.0,93.0,I,5.268812396941655,Sinusoidal,68.0,Filtering
64,62.558450077927795,34.0,95.0,I,8.956295603302223,Sinusoidal,77.0,Filtering
65,70.16749231458033,40.0,104.0,I,11.224451617720538,Sinusoidal,88.0,Filtering
66,81.32947928881816,49.0,118.0,I,6.020468972401787,Sinusoidal,90.0,Filtering
67,87.66258349752944,53.0,126.0,I,23.629692696173066,Sinusoidal,121.0,Filtering
68,114.99501840479148,75.0,160.0,I,18.9549568953908,Sinusoidal,144.0,Filtering
69,144.91078543433701,98.0,196.0,I,7.743136602271061,Sinusoidal,133.0,Filtering
70,146.08449254285637,98.0,198.0,I,5.944905950212986,Sinusoidal,147.0,Filtering
71,158.51141683789234,108.0,213.0,I,8.674317711224598,Sinusoidal,145.0,Filtering
72,159.01560369726698,107.0,215.0,I,7.471824529672034,Sinusoidal,167.0,Filtering
73,177.75451496466457,122.0,238.0,I,14.991167001420546,Sinusoidal,152.0,Filtering
74,167.3048427066783,112.0,227.0,I,9.316095437147712,Sinusoidal,153.0,Filtering
75,164.0634194952018,108.0,224.0,I,26.333919525717032,Sinusoidal,123.0,Filtering
76,133.9320607031228,82.0,189.0,I,15.894800777378581,Sinusoidal,107.0,Filtering
77,112.54697755909913,66.0,163.0,I,6.305326959010655,Sinusoidal,106.0,Filtering
78,106.42543933855032,62.0,155.0,I,8.21775041078451,Sinusoidal,93.0,Filtering
79,93.43474949148712,52.0,139.0,I,8.025446082829772,Sinusoidal,80.0,Filtering
80,79.67403625075465,42.0,121.0,I,5.353189604628756,Sinusoidal,73.0,Filtering
81,70.97842966610558,37.0,109.0,I,5.133547026531765,Sinusoidal,64.0,Filtering
82,61.89298271834389,31.0,97.0,I,3.899977894638406,Sinusoidal,62.0,Filtering
83,58.230079681285034,29.0,91.0,I,5.833903450109519,Sinusoidal,67.0,Filtering
84,60.94682121551344,32.0,94.0,I,20.711395146673823,Sinusoidal,90.0,Filtering
85,78.1968465296239,45.0,115.0,I,6.5152133810632415,Sinusoidal,88.0,Filtering
86,83.12990573804903,49.0,121.0,I,11.766869147952708,Sinusoidal,102.0,Filtering
87,96.2644709417898,60.0,137.0,I,6.32072885576356,Sinusoidal,105.0,Filtering
88,104.03816504584782,65.0,147.0,I,29.8375329980623,Sinusoidal,145.0,Filtering
89,139.57683830543397,94.0,189.0,I,9.68263123082222,Sinusoidal,123.0,Filtering
90,133.67480552375233,88.0,183.0,I,5.680583346819408,Sinusoidal,135.0,Filtering
91,142.39687057276234,95.0,194.0,I,8.801485351833787,Sinusoidal,128.0,Filtering
92,137.96861374465033,91.0,189.0,I,5.842520407870302,Sinusoidal,137.0,Filtering
93,143.81168398868041,95.0,197.0,I,6.96616608157057,Sinusoidal,151.0,Filtering
94,156.7896848411271,105.0,212.0,I,9.212996104718343,Sinusoidal,142.0,Filtering
95,151.52744315104002,100.0,207.0,I,10.408571487821796,Sinusoidal,134.0,Filtering
96,142.18771153977713,92.0,197.0,I,19.79097500013551,Sinusoidal,110.0,Filtering
97,117.70060696166983,72.0,168.0,I,11.406515459421247,Sinusoidal,98.0,Filtering
98,101.36516896668996,59.0,148.0,I,16.022337926509472,Sinusoidal,75.0,Filtering
99,77.81404682397158,41.0,118.0,I,5.58755785449489,Sinusoidal,70.0,Filtering
100,68.6864553759423,35.0,106.0,I,7.856099337623048,Sinusoidal,55.0,Filtering
1,2009.9999999999886,100.0,3920.0,I,1258.5672718229484,Sinusoidal,83.0,Smoothing
2,115.50754207930899,89.0,144.0,I,3.312239136811992,Sinusoidal,116.0,Smoothing
3,129.47631837364207,102.0,159.0,I,3.3960985918755675,Sinusoidal,130.0,Smoothing
4,137.97896744877357,109.0,169.0,I,4.676396237709289,Sinusoidal,131.0,Smoothing
5,161.82512412756378,131.0,195.0,I,4.525514750313936,Sinusoidal,167.0,Smoothing
6,175.37823259528273,143.0,210.0,I,4.5346220703258675,Sinusoidal,180.0,Smoothing
7,175.6865986830638,143.0,210.0,I,4.151992402890685,Sinusoidal,178.0,Smoothing
8,166.64837139274846,135.0,201.0,I,5.5457846310046275,Sinusoidal,158.0,Smoothing
9,184.09520294947328,151.0,220.0,I,4.510016017237577,Sinusoidal,188.0,Smoothing
10,186.697790608661,153.0,222.0,I,5.7816289613362635,Sinusoidal,195.0,Smoothing
11,160.67524496513994,129.0,194.0,I,3.999196684499887,Sinusoidal,158.0,Smoothing
12,145.94978208413227,116.0,178.0,I,3.728132374208937,Sinusoidal,147.0,Smoothing
13,126.48862819402994,99.0,156.0,I,3.4689792064798244,Sinusoidal,125.0,Smoothing
14,112.45301701406738,87.0,141.0,I,3.3272773720170594,Sinusoidal,114.0,Smoothing
15,92.80044719336333,69.0,119.0,I,3.1314554337393696,Sinusoidal,90.0,Smoothing
16,83.88865533886207,62.0,108.0,I,2.9702835940700054,Sinusoidal,86.0,Smoothing
17,67.52500714232356,47.0,90.0,I,3.494905299007299,Sinusoidal,62.0,Smoothing
18,70.4540816502633,50.0,93.0,I,2.651168662930748,Sinusoidal,72.0,Smoothing
19,67.15222352661527,47.0,89.0,I,4.183793023761799,Sinusoidal,60.0,Smoothing
20,89.81982950190752,67.0,114.0,I,5.637228640267796,Sinusoidal,99.0,Smoothing
21,93.71748737212167,71.0,119.0,I,2.9439908501893925,Sinusoidal,92.0,Smoothing
22,104.558654500579,80.0,131.0,I,3.0500136780250076,Sinusoidal,105.0,Smoothing
23,118.46595660695439,93.0,146.0,I,4.1894556830735485,Sinusoidal,124.0,Smoothing
24,123.15378922416954,96.0,152.0,I,3.7104951821449337,Sinusoidal,119.0,Smoothing
25,140.9710276568971,113.0,171.0,I,4.263131394634426,Sinusoidal,146.0,Smoothing
26,150.6325419490795,121.0,182.0,I,3.7887803097001873,Sinusoidal,148.0,Smoothing
27,169.90443820296994,139.0,203.0,I,5.946579297652315,Sinusoidal,179.0,Smoothing
28,168.43639181649547,137.0,202.0,I,3.885352400826853,Sinusoidal,168.0,Smoothing
29,167.95775564730053,136.0,202.0,I,4.067081632486211,Sinusoidal,165.0,Smoothing
30,174.54921846956296,142.0,209.0,I,4.019479201208747,Sinusoidal,173.0,Smoothing
31,184.43701775046782,151.0,220.0,I,10.104320149829237,Sinusoidal,201.0,Smoothing
32,145.6407679620531,116.0,178.0,I,4.387766057811955,Sinusoidal,140.0,Smoothing
33,132.14370284015158,104.0,162.0,I,3.526436337558281,Sinusoidal,133.0,Smoothing
34,114.48394372980647,88.0,143.0,I,3.2531863012720095,Sinusoidal,114.0,Smoothing
35,98.55712812065785,74.0,125.0,I,3.344125401351612,Sinusoidal,95.0,Smoothing
36,94.2211196874984,71.0,120.0,I,4.085944583293281,Sinusoidal,100.0,Smoothing
37,71.24549058304963,51.0,94.0,I,2.8742307523403885,Sinusoidal,68.0,Smoothing
38,61.96951158392681,43.0,83.0,I,3.6096556920259575,Sinusoidal,56.0,Smoothing
39,72.18185467321489,52.0,95.0,I,2.7110297444928535,Sinusoidal,74.0,Smoothing
40,77.88842966521199,57.0,101.0,I,2.70320511106046,Sinusoidal,79.0,Smoothing
41,81.10682494770663,60.0,105.0,I,2.726529518669425,Sinusoidal,82.0,Smoothing
42,82.5689741782264,61.0,106.0,I,3.0660128730480434,Sinusoidal,79.0,Smoothing
43,94.64542142188527,72.0,120.0,I,4.270096143123169,Sinusoidal,101.0,Smoothing
44,94.65359172027865,71.0,120.0,I,2.9334109684912812,Sinusoidal,93.0,Smoothing
45,99.39666335391257,75.0,125.0,I,4.508358734267452,Sinusoidal,92.0,Smoothing
46,125.73599531309367,99.0,154.0,I,9.49211536010446,Sinusoidal,141.0,Smoothing
47,125.64745316745027,99.0,155.0,I,4.111160874409263,Sinusoidal,120.0,Smoothing
48,140.53172928700158,112.0,171.0,I,5.072892506921286,Sinusoidal,148.0,Smoothing
49,140.1788797308045,111.0,171.0,I,5.134934318429369,Sinusoidal,132.0,Smoothing
50,161.4464102721364,131.0,194.0,I,7.093088644221245,Sinusoidal,173.0,Smoothing
51,155.62383218416107,125.0,188.0,I,3.740783897840949,Sinusoidal,156.0,Smoothing
52,148.6678381183848,119.0,180.0,I,3.833665751772407,Sinusoidal,151.0,Smoothing
53,134.3801698489694,106.0,165.0,I,3.522146606307385,Sinusoidal,133.0,Smoothing
54,123.43662318218998,96.0,153.0,I,3.6249120087462208,Sinusoidal,120.0,Smoothing
55,121.15583135307467,95.0,150.0,I,4.720272009718187,Sinusoidal,128.0,Smoothing
56,97.95746617888081,74.0,124.0,I,2.9902180976678947,Sinusoidal,98.0,Smoothing
57,78.62400267703869,57.0,102.0,I,2.7368357987629652,Sinusoidal,77.0,Smoothing
58,66.13159239654522,46.0,88.0,I,2.7539950597005953,Sinusoidal,63.0,Smoothing
59,62.445153688556175,43.0,83.0,I,2.551390811162336,Sinusoidal,60.0,Smoothing
60,64.37800288211295,45.0,85.0,I,2.4250138541294746,Sinusoidal,65.0,Smoothing
61,63.65543627307349,45.0,85.0,I,2.443669811137178,Sinusoidal,62.0,Smoothing
62,66.76273201665384,47.0,88.0,I,2.4275302379350547,Sinusoidal,67.0,Smoothing
63,69.54845191709568,50.0,91.0,I,2.5185951706632848,Sinusoidal,68.0,Smoothing
64,76.82428909453597,56.0,99.0,I,2.582557067114128,Sinusoidal,77.0,Smoothing
65,86.04171862535192,64.0,110.0,I,2.8899211941799763,Sinusoidal,88.0,Smoothing
66,94.14924533170645,71.0,119.0,I,3.3288033684742544,Sinusoidal,90.0,Smoothing
67,115.38536976223828,90.0,143.0,I,4.161218819279773,Sinusoidal,121.0,Smoothing
68,133.34222564633274,106.0,163.0,I,6.530755426851853,Sinusoidal,144.0,Smoothing
69,135.5798486674831,108.0,165.0,I,3.568157630592854,Sinusoidal,133.0,Smoothing
70,144.58345361148884,116.0,175.0,I,3.7455224459374423,Sinusoidal,147.0,Smoothing
71,148.3912376226243,119.0,180.0,I,3.864396460396887,Sinusoidal,145.0,Smoothing
72,159.86863917001165,129.0,192.0,I,5.108415752622223,Sinusoidal,167.0,Smoothing
73,152.86618823297198,123.0,185.0,I,3.7080120376352466,Sinusoidal,152.0,Smoothing
74,147.18239595807967,118.0,179.0,I,4.586845594006765,Sinusoidal,153.0,Smoothing
75,125.02037712564746,98.0,154.0,I,3.4534191079039775,Sinusoidal,123.0,Smoothing
76,110.35414913859535,85.0,138.0,I,3.445878012579413,Sinusoidal,107.0,Smoothing
77,104.69290104528496,80.0,132.0,I,3.1606262064973727,Sinusoidal,106.0,Smoothing
78,93.11569317845212,70.0,119.0,I,2.907454658372851,Sinusoidal,93.0,Smoothing
79,81.44305349088536,60.0,105.0,I,2.7601345660433836,Sinusoidal,80.0,Smoothing
80,73.56009362982437,53.0,96.0,I,2.575447477683856,Sinusoidal,73.0,Smoothing
81,66.36788920914958,47.0,88.0,I,2.6030291435942647,Sinusoidal,64.0,Smoothing
82,64.75915803321752,46.0,86.0,I,2.637391603034872,Sinusoidal,62.0,Smoothing
83,69.83336175503565,50.0,92.0,I,2.7267272057516783,Sinusoidal,67.0,Smoothing
84,84.38710435544277,63.0,108.0,I,3.8842845923204856,Sinusoidal,90.0,Smoothing
85,89.3613519805356,67.0,114.0,I,2.8249118544011314,Sinusoidal,88.0,Smoothing
86,99.81565907164439,76.0,125.0,I,3.1343331820492866,Sinusoidal,102.0,Smoothing
87,108.69522648946025,84.0,136.0,I,3.4199741423253407,Sinusoidal,105.0,Smoothing
88,130.34915894505158,103.0,159.0,I,9.030801407421636,Sinusoidal,145.0,Smoothing
89,126.69381505401054,100.0,156.0,I,3.6460612073778718,Sinusoidal,123.0,Smoothing
90,132.27881926971622,105.0,162.0,I,3.652552066804813,Sinusoidal,135.0,Smoothing
91,131.3943299525263,104.0,161.0,I,3.670421012351804,Sinusoidal,128.0,Smoothing
92,137.91046741941946,110.0,168.0,I,3.508466910795303,Sinusoidal,137.0,Smoothing
93,146.02073612273486,117.0,177.0,I,4.318824366184915,Sinusoidal,151.0,Smoothing
94,140.52853147744005,112.0,171.0,I,3.6297725511300265,Sinusoidal,142.0,Smoothing
95,130.47771637897625,103.0,160.0,I,3.821250066933683,Sinusoidal,134.0,Smoothing
96,111.09810628380217,86.0,139.0,I,3.1882408429749693,Sinusoidal,110.0,Smoothing
97,96.33417287709084,73.0,122.0,I,3.0725079225874223,Sinusoidal,98.0,Smoothing
98,77.95042750545463,57.0,101.0,I,2.903245711683521,Sinusoidal,75.0,Smoothing
99,69.29659728894879,49.0,91.0,I,2.5391255563365953,Sinusoidal,70.0,Smoothing
100,58.17239169331066,39.0,80.0,I,2.692960895925001,Sinusoidal,55.0,Smoothing
1,5.005000000000075,0.25,9.75,R,NaN,Step change,0.666666666666667,Filtering
2,0.8074748027199208,0.61,1.03,R,NaN,Step change,0.666666666666667,Filtering
3,0.8484319177698438,0.66,1.07,R,NaN,Step change,0.666666666666667,Filtering
4,0.9156145279020195,0.71,1.1500000000000001,R,NaN,Step change,0.666666666666667,Filtering
5,0.8231267560628087,0.62,1.0399999999999998,R,NaN,Step change,0.666666666666667,Filtering
6,1.0313735086688571,0.8099999999999999,1.3,R,NaN,Step change,0.666666666666667,Filtering
7,0.8381700610593181,0.63,1.07,R,NaN,Step change,0.666666666666667,Filtering
8,0.705793380388437,0.5,0.92,R,NaN,Step change,0.666666666666667,Filtering
9,0.8299689059795696,0.63,1.07,R,NaN,Step change,0.666666666666667,Filtering
10,0.8825700200965816,0.67,1.1300000000000001,R,NaN,Step change,0.666666666666667,Filtering
11,0.7917482911154337,0.59,1.01,R,NaN,Step change,0.666666666666667,Filtering
12,0.7501269354568838,0.55,0.94,R,NaN,Step change,0.666666666666667,Filtering
13,0.7212385690388616,0.53,0.9,R,NaN,Step change,0.666666666666667,Filtering
14,0.7484584952542068,0.5700000000000001,0.92,R,NaN,Step change,0.666666666666667,Filtering
15,0.7407927965871205,0.5700000000000001,0.9,R,NaN,Step change,0.666666666666667,Filtering
16,0.7836067650399198,0.63,0.9599999999999999,R,NaN,Step change,0.666666666666667,Filtering
17,0.7660664723152436,0.61,0.92,R,NaN,Step change,0.666666666666667,Filtering
18,0.6562723993386764,0.45,0.8200000000000001,R,NaN,Step change,0.666666666666667,Filtering
19,0.6413717849698303,0.45999999999999996,0.8099999999999999,R,NaN,Step change,0.666666666666667,Filtering
20,0.7251494538411585,0.5700000000000001,0.9,R,NaN,Step change,0.666666666666667,Filtering
21,0.6774877133210937,0.51,0.83,R,NaN,Step change,0.666666666666667,Filtering
22,0.708896004355828,0.55,0.87,R,NaN,Step change,0.666666666666667,Filtering
23,0.6825290416076142,0.52,0.8400000000000001,R,NaN,Step change,0.666666666666667,Filtering
24,0.6656810074172994,0.5,0.8200000000000001,R,NaN,Step change,0.666666666666667,Filtering
25,0.6542533653814588,0.49,0.8099999999999999,R,NaN,Step change,0.666666666666667,Filtering
26,0.6561122687444684,0.5,0.8099999999999999,R,NaN,Step change,0.666666666666667,Filtering
27,0.6566579088717838,0.5,0.8099999999999999,R,NaN,Step change,0.666666666666667,Filtering
28,0.7867340193984798,0.62,1.0399999999999998,R,NaN,Step change,1.5,Filtering
29,1.3395636602882912,0.95,1.8099999999999998,R,NaN,Step change,1.5,Filtering
30,1.4870248492702993,1.12,1.93,R,NaN,Step change,1.5,Filtering
31,1.647706027429833,1.27,2.08,R,NaN,Step change,1.5,Filtering
32,1.3770381298966061,1.03,1.7499999999999998,R,NaN,Step change,1.5,Filtering
33,1.4512638197310617,1.1300000000000001,1.8099999999999998,R,NaN,Step change,1.5,Filtering
34,1.3881647908029058,1.07,1.73,R,NaN,Step change,1.5,Filtering
35,1.5650678822249247,1.25,1.92,R,NaN,Step change,1.5,Filtering
36,1.5744049135040967,1.26,1.92,R,NaN,Step change,1.5,Filtering
37,1.4965386436121269,1.2,1.82,R,NaN,Step change,1.5,Filtering
38,1.6124911664211452,1.32,1.94,R,NaN,Step change,1.5,Filtering
39,1.6003159591275344,1.31,1.9099999999999997,R,NaN,Step change,1.5,Filtering
40,1.5244118442129828,1.25,1.82,R,NaN,Step change,1.5,Filtering
41,1.522819012075086,1.26,1.8099999999999998,R,NaN,Step change,1.5,Filtering
42,1.4832650584326703,1.23,1.7499999999999998,R,NaN,Step change,1.5,Filtering
43,1.4784087930085694,1.23,1.74,R,NaN,Step change,1.5,Filtering
44,1.4621766318320686,1.23,1.7099999999999997,R,NaN,Step change,1.5,Filtering
45,1.5883309032545354,1.3499999999999999,1.84,R,NaN,Step change,1.5,Filtering
46,1.4234589742715271,1.2,1.66,R,NaN,Step change,1.5,Filtering
47,1.3761527776112703,1.1600000000000001,1.5999999999999999,R,NaN,Step change,1.5,Filtering
48,1.4462145774052977,1.24,1.6700000000000002,R,NaN,Step change,1.5,Filtering
49,1.458366814393227,1.26,1.6700000000000002,R,NaN,Step change,1.5,Filtering
50,1.4389038356441686,1.24,1.65,R,NaN,Step change,1.5,Filtering
51,1.6259580578503765,1.4200000000000002,1.8500000000000003,R,NaN,Step change,1.5,Filtering
52,1.5070984360758204,1.31,1.7099999999999997,R,NaN,Step change,1.5,Filtering
53,1.5612115976395158,1.37,1.7599999999999998,R,NaN,Step change,1.5,Filtering
54,1.5063058610397098,1.32,1.6999999999999997,R,NaN,Step change,1.5,Filtering
55,1.3921932343168424,1.22,1.57,R,NaN,Step change,1.5,Filtering
56,0.6508618170480756,0.51,0.8099999999999999,R,NaN,Step change,0.666666666666667,Filtering
57,0.7679197733931616,0.64,0.9099999999999999,R,NaN,Step change,0.666666666666667,Filtering
58,0.7324083195477793,0.6,0.87,R,NaN,Step change,0.666666666666667,Filtering
59,0.6011004797687601,0.48,0.73,R,NaN,Step change,0.666666666666667,Filtering
60,0.6903732320769111,0.5700000000000001,0.83,R,NaN,Step change,0.666666666666667,Filtering
61,0.6546961239943118,0.53,0.79,R,NaN,Step change,0.666666666666667,Filtering
62,0.6312467830160609,0.5,0.77,R,NaN,Step change,0.666666666666667,Filtering
63,0.6166736690442925,0.49,0.76,R,NaN,Step change,0.666666666666667,Filtering
64,0.6186499704078854,0.49,0.76,R,NaN,Step change,0.666666666666667,Filtering
65,0.6883257652595305,0.55,0.8400000000000001,R,NaN,Step change,0.666666666666667,Filtering
66,0.6718812587003675,0.53,0.83,R,NaN,Step change,0.666666666666667,Filtering
67,0.7300596647159718,0.5800000000000001,0.89,R,NaN,Step change,0.666666666666667,Filtering
68,0.6071073514114819,0.45999999999999996,0.77,R,NaN,Step change,0.666666666666667,Filtering
69,0.663092570402958,0.52,0.8200000000000001,R,NaN,Step change,0.666666666666667,Filtering
70,0.8040531275675694,0.64,0.9800000000000001,R,NaN,Step change,0.666666666666667,Filtering
71,0.7480988564879008,0.5800000000000001,0.9300000000000002,R,NaN,Step change,0.666666666666667,Filtering
72,0.6410940336602765,0.48,0.8200000000000001,R,NaN,Step change,0.666666666666667,Filtering
73,0.7359914244371263,0.5700000000000001,0.92,R,NaN,Step change,0.666666666666667,Filtering
74,0.6698169965373613,0.5,0.8500000000000001,R,NaN,Step change,0.666666666666667,Filtering
75,0.6789164803160694,0.51,0.8599999999999999,R,NaN,Step change,0.666666666666667,Filtering
76,0.6682595736965159,0.5,0.8500000000000001,R,NaN,Step change,0.666666666666667,Filtering
77,0.7228389583006682,0.55,0.92,R,NaN,Step change,0.666666666666667,Filtering
78,0.5806097874935999,0.41,0.77,R,NaN,Step change,0.666666666666667,Filtering
79,0.5862812606002392,0.42,0.77,R,NaN,Step change,0.666666666666667,Filtering
80,0.7451063522027337,0.56,0.95,R,NaN,Step change,0.666666666666667,Filtering
81,0.7455598296466844,0.55,0.9599999999999999,R,NaN,Step change,0.666666666666667,Filtering
82,0.624815747751854,0.44,0.83,R,NaN,Step change,0.666666666666667,Filtering
83,0.5724587290830248,0.39,0.77,R,NaN,Step change,0.666666666666667,Filtering
84,0.9248507888098869,0.71,1.18,R,NaN,Step change,1.5,Filtering
85,1.1558691263522172,0.9,1.45,R,NaN,Step change,1.5,Filtering
86,1.2365869171788495,0.9599999999999999,1.5399999999999998,R,NaN,Step change,1.5,Filtering
87,1.5727378930715523,1.26,1.92,R,NaN,Step change,1.5,Filtering
88,1.4979162181680454,1.19,1.83,R,NaN,Step change,1.5,Filtering
89,1.3945256031068842,1.11,1.7099999999999997,R,NaN,Step change,1.5,Filtering
90,1.2905807094344706,1.02,1.5899999999999999,R,NaN,Step change,1.5,Filtering
91,1.4860782036111897,1.21,1.79,R,NaN,Step change,1.5,Filtering
92,1.570524281796812,1.29,1.88,R,NaN,Step change,1.5,Filtering
93,1.4963818841228,1.22,1.79,R,NaN,Step change,1.5,Filtering
94,1.5264639933821171,1.26,1.8099999999999998,R,NaN,Step change,1.5,Filtering
95,1.3313577258722065,1.08,1.5999999999999999,R,NaN,Step change,1.5,Filtering
96,1.388496948955455,1.1500000000000001,1.65,R,NaN,Step change,1.5,Filtering
97,1.4732600885215839,1.23,1.73,R,NaN,Step change,1.5,Filtering
98,1.4470396198992044,1.21,1.6999999999999997,R,NaN,Step change,1.5,Filtering
99,1.5258504042482945,1.29,1.78,R,NaN,Step change,1.5,Filtering
100,1.437219238853496,1.21,1.6800000000000002,R,NaN,Step change,1.5,Filtering
1,0.8206943837609735,0.53,1.1400000000000001,R,NaN,Step change,0.666666666666667,Smoothing
2,0.8206942070645964,0.66,1.0,R,NaN,Step change,0.666666666666667,Smoothing
3,0.8472855626864026,0.7,1.01,R,NaN,Step change,0.666666666666667,Smoothing
4,0.8785275001227357,0.73,1.0399999999999998,R,NaN,Step change,0.666666666666667,Smoothing
5,0.8611632165225507,0.7,1.03,R,NaN,Step change,0.666666666666667,Smoothing
6,0.9196557843781585,0.76,1.09,R,NaN,Step change,0.666666666666667,Smoothing
7,0.8239163065799445,0.67,0.99,R,NaN,Step change,0.666666666666667,Smoothing
8,0.7597750870279334,0.61,0.92,R,NaN,Step change,0.666666666666667,Smoothing
9,0.8042115845815269,0.65,0.97,R,NaN,Step change,0.666666666666667,Smoothing
10,0.8179289981117279,0.67,0.9800000000000001,R,NaN,Step change,0.666666666666667,Smoothing
11,0.7662140522673946,0.61,0.9300000000000002,R,NaN,Step change,0.666666666666667,Smoothing
12,0.7264932576257448,0.5800000000000001,0.89,R,NaN,Step change,0.666666666666667,Smoothing
13,0.7093179292982632,0.56,0.87,R,NaN,Step change,0.666666666666667,Smoothing
14,0.7279471949746975,0.5800000000000001,0.89,R,NaN,Step change,0.666666666666667,Smoothing
15,0.7305622900628442,0.5800000000000001,0.9,R,NaN,Step change,0.666666666666667,Smoothing
16,0.7483893221198188,0.59,0.92,R,NaN,Step change,0.666666666666667,Smoothing
17,0.692027417828033,0.54,0.8599999999999999,R,NaN,Step change,0.666666666666667,Smoothing
18,0.6120562977676176,0.45,0.7799999999999999,R,NaN,Step change,0.666666666666667,Smoothing
19,0.6375627249885566,0.48,0.8099999999999999,R,NaN,Step change,0.666666666666667,Smoothing
20,0.7010409718424606,0.54,0.87,R,NaN,Step change,0.666666666666667,Smoothing
21,0.6620503454960298,0.5,0.8400000000000001,R,NaN,Step change,0.666666666666667,Smoothing
22,0.6828577639611534,0.52,0.8599999999999999,R,NaN,Step change,0.666666666666667,Smoothing
23,0.6535479503134567,0.49,0.8400000000000001,R,NaN,Step change,0.666666666666667,Smoothing
24,0.6522557813997618,0.48,0.8400000000000001,R,NaN,Step change,0.666666666666667,Smoothing
25,0.6760129009841243,0.49,0.87,R,NaN,Step change,0.666666666666667,Smoothing
26,0.7377657546975448,0.54,0.95,R,NaN,Step change,0.666666666666667,Smoothing
27,0.8533767830357839,0.63,1.08,R,NaN,Step change,0.666666666666667,Smoothing
28,1.1100514041453227,0.8799999999999999,1.37,R,NaN,Step change,1.5,Smoothing
29,1.3695042676266893,1.12,1.66,R,NaN,Step change,1.5,Smoothing
30,1.460785039835968,1.2,1.7599999999999998,R,NaN,Step change,1.5,Smoothing
31,1.4981077578270754,1.23,1.79,R,NaN,Step change,1.5,Smoothing
32,1.417536012235534,1.1500000000000001,1.6999999999999997,R,NaN,Step change,1.5,Smoothing
33,1.4510664314678783,1.19,1.73,R,NaN,Step change,1.5,Smoothing
34,1.4620229701215575,1.2,1.73,R,NaN,Step change,1.5,Smoothing
35,1.5471302372668214,1.29,1.82,R,NaN,Step change,1.5,Smoothing
36,1.549258488827059,1.3,1.82,R,NaN,Step change,1.5,Smoothing
37,1.5330655661108752,1.28,1.7999999999999998,R,NaN,Step change,1.5,Smoothing
38,1.5834773423980835,1.34,1.84,R,NaN,Step change,1.5,Smoothing
39,1.5585099462853584,1.32,1.8099999999999998,R,NaN,Step change,1.5,Smoothing
40,1.5111455296458667,1.28,1.7499999999999998,R,NaN,Step change,1.5,Smoothing
41,1.5004251600305636,1.28,1.74,R,NaN,Step change,1.5,Smoothing
42,1.4762152201665244,1.26,1.7099999999999997,R,NaN,Step change,1.5,Smoothing
43,1.4756457362699333,1.26,1.6999999999999997,R,NaN,Step change,1.5,Smoothing
44,1.480816680310916,1.27,1.6999999999999997,R,NaN,Step change,1.5,Smoothing
45,1.5247964402148817,1.32,1.74,R,NaN,Step change,1.5,Smoothing
46,1.405132748149771,1.21,1.6099999999999999,R,NaN,Step change,1.5,Smoothing
47,1.3940652097965787,1.2,1.5999999999999999,R,NaN,Step change,1.5,Smoothing
48,1.4530595914235847,1.26,1.65,R,NaN,Step change,1.5,Smoothing
49,1.4668344748292033,1.28,1.66,R,NaN,Step change,1.5,Smoothing
50,1.4841534365907867,1.29,1.6800000000000002,R,NaN,Step change,1.5,Smoothing
51,1.602342324562143,1.4200000000000002,1.7999999999999998,R,NaN,Step change,1.5,Smoothing
52,1.5028356064587554,1.32,1.6900000000000002,R,NaN,Step change,1.5,Smoothing
53,1.516831407744558,1.34,1.6999999999999997,R,NaN,Step change,1.5,Smoothing
54,1.3992211054922872,1.24,1.57,R,NaN,Step change,1.5,Smoothing
55,1.1613066976667374,1.02,1.31,R,NaN,Step change,1.5,Smoothing
56,0.7040101395289442,0.5700000000000001,0.8400000000000001,R,NaN,Step change,0.666666666666667,Smoothing
57,0.7519284454848847,0.64,0.87,R,NaN,Step change,0.666666666666667,Smoothing
58,0.7038809829331338,0.59,0.8200000000000001,R,NaN,Step change,0.666666666666667,Smoothing
59,0.6226272913295479,0.51,0.7400000000000001,R,NaN,Step change,0.666666666666667,Smoothing
60,0.6751949446571699,0.5700000000000001,0.79,R,NaN,Step change,0.666666666666667,Smoothing
61,0.6460739806305493,0.54,0.76,R,NaN,Step change,0.666666666666667,Smoothing
62,0.6269558190157962,0.52,0.75,R,NaN,Step change,0.666666666666667,Smoothing
63,0.6197849319456781,0.51,0.7400000000000001,R,NaN,Step change,0.666666666666667,Smoothing
64,0.6335764921898677,0.52,0.76,R,NaN,Step change,0.666666666666667,Smoothing
65,0.6812676675327225,0.56,0.8099999999999999,R,NaN,Step change,0.666666666666667,Smoothing
66,0.6767063778595714,0.55,0.8099999999999999,R,NaN,Step change,0.666666666666667,Smoothing
67,0.6962608815579657,0.5700000000000001,0.83,R,NaN,Step change,0.666666666666667,Smoothing
68,0.6336382922523032,0.5,0.77,R,NaN,Step change,0.666666666666667,Smoothing
69,0.6930877043899225,0.56,0.8400000000000001,R,NaN,Step change,0.666666666666667,Smoothing
70,0.7696753640505694,0.63,0.92,R,NaN,Step change,0.666666666666667,Smoothing
71,0.7144587062066977,0.5800000000000001,0.8599999999999999,R,NaN,Step change,0.666666666666667,Smoothing
72,0.6626761892696136,0.52,0.8099999999999999,R,NaN,Step change,0.666666666666667,Smoothing
73,0.7080640232715402,0.5700000000000001,0.8599999999999999,R,NaN,Step change,0.666666666666667,Smoothing
74,0.667267200110458,0.52,0.8200000000000001,R,NaN,Step change,0.666666666666667,Smoothing
75,0.6710363820810825,0.53,0.83,R,NaN,Step change,0.666666666666667,Smoothing
76,0.6662037069149472,0.52,0.8200000000000001,R,NaN,Step change,0.666666666666667,Smoothing
77,0.6711894087437447,0.53,0.83,R,NaN,Step change,0.666666666666667,Smoothing
78,0.6012399631323841,0.45,0.76,R,NaN,Step change,0.666666666666667,Smoothing
79,0.6399314569740047,0.49,0.8099999999999999,R,NaN,Step change,0.666666666666667,Smoothing
80,0.7315992963056491,0.5800000000000001,0.9,R,NaN,Step change,0.666666666666667,Smoothing
81,0.7151387701284722,0.55,0.89,R,NaN,Step change,0.666666666666667,Smoothing
82,0.6798933767922717,0.5,0.87,R,NaN,Step change,0.666666666666667,Smoothing
83,0.7562460028695641,0.56,0.9599999999999999,R,NaN,Step change,0.666666666666667,Smoothing
84,1.0445413922351445,0.8400000000000001,1.27,R,NaN,Step change,1.5,Smoothing
85,1.226909317047625,1.0,1.4700000000000002,R,NaN,Step change,1.5,Smoothing
86,1.341097533274165,1.1,1.5999999999999999,R,NaN,Step change,1.5,Smoothing
87,1.4930240711115161,1.25,1.7599999999999998,R,NaN,Step change,1.5,Smoothing
88,1.437095558513895,1.2,1.6999999999999997,R,NaN,Step change,1.5,Smoothing
89,1.383944092431697,1.1500000000000001,1.6300000000000001,R,NaN,Step change,1.5,Smoothing
90,1.3777736614193072,1.1400000000000001,1.6300000000000001,R,NaN,Step change,1.5,Smoothing
91,1.4956282565784345,1.26,1.74,R,NaN,Step change,1.5,Smoothing
92,1.5245389450643108,1.3,1.77,R,NaN,Step change,1.5,Smoothing
93,1.4761476196665875,1.25,1.7099999999999997,R,NaN,Step change,1.5,Smoothing
94,1.4562456937006352,1.24,1.6900000000000002,R,NaN,Step change,1.5,Smoothing
95,1.3628287809533548,1.1500000000000001,1.5899999999999999,R,NaN,Step change,1.5,Smoothing
96,1.4139596787507078,1.2,1.6300000000000001,R,NaN,Step change,1.5,Smoothing
97,1.4651984277645764,1.26,1.6800000000000002,R,NaN,Step change,1.5,Smoothing
98,1.4601791028933089,1.25,1.6800000000000002,R,NaN,Step change,1.5,Smoothing
99,1.4922356930679548,1.29,1.7099999999999997,R,NaN,Step change,1.5,Smoothing
100,1.437219238853496,1.21,1.6800000000000002,R,NaN,Step change,1.5,Smoothing
1,1630.0000000000068,81.0,3179.0,I,1015.1565981805161,Step change,73.0,Filtering
2,353.53649324588264,15.0,710.0,I,179.95354334045794,Step change,58.0,Filtering
3,60.064557344955695,8.0,138.0,I,6.309060147006108,Step change,57.0,Filtering
4,59.68832532947603,8.0,137.0,I,6.348891300905018,Step change,59.0,Filtering
5,62.05452899581081,9.0,141.0,I,7.235287056576913,Step change,50.0,Filtering
6,54.651546650862144,7.0,125.0,I,8.459964414526187,Step change,64.0,Filtering
7,65.94360846956474,10.0,148.0,I,9.271422630122583,Step change,48.0,Filtering
8,53.80557789657577,7.0,122.0,I,8.105254580267903,Step change,39.0,Filtering
9,44.64419896286253,5.0,104.0,I,5.3695274049278705,Step change,47.0,Filtering
10,49.556980540282595,6.0,115.0,I,5.2872789929509185,Step change,48.0,Filtering
11,48.44190156713236,10.0,104.0,I,4.7773171200305224,Step change,40.0,Filtering
12,41.98784616453058,12.0,80.0,I,3.7271513241086507,Step change,36.0,Filtering
13,37.719675695359555,14.0,64.0,I,3.12075680095913,Step change,33.0,Filtering
14,34.54243455874902,16.0,54.0,I,2.055018213088931,Step change,35.0,Filtering
15,33.721476889865855,18.0,51.0,I,1.9437104406191237,Step change,32.0,Filtering
16,31.947751969937052,18.0,48.0,I,2.673552714122753,Step change,36.0,Filtering
17,32.17022605220335,19.0,47.0,I,1.8162347443661226,Step change,30.0,Filtering
18,30.126951196976474,16.0,46.0,I,7.336728609972473,Step change,19.0,Filtering
19,24.48449284891828,12.0,38.0,I,1.8831401871433417,Step change,22.0,Filtering
20,22.920837963080583,11.0,36.0,I,4.454031322380064,Step change,30.0,Filtering
21,24.006450807919286,13.0,37.0,I,2.8228211946341952,Step change,19.0,Filtering
22,21.386712184005432,11.0,33.0,I,1.8542943211732166,Step change,24.0,Filtering
23,21.070677526226287,11.0,33.0,I,1.8308190618157107,Step change,18.0,Filtering
24,19.19258864533887,10.0,30.0,I,1.488258810399365,Step change,17.0,Filtering
25,17.617657573192638,9.0,28.0,I,1.2900959231363713,Step change,16.0,Filtering
26,16.262711725132085,8.0,26.0,I,1.0769438218246594,Step change,16.0,Filtering
27,15.284806261599197,7.0,25.0,I,1.0300146390742246,Step change,15.0,Filtering
28,14.353692630922964,6.0,24.0,I,10.200134595178733,Step change,27.0,Filtering
29,19.690263111234778,8.0,35.0,I,15.677553957079706,Step change,39.0,Filtering
30,30.05355399915295,15.0,49.0,I,3.4174309732693,Step change,35.0,Filtering
31,34.794663147295566,18.0,55.0,I,4.0594998757708005,Step change,41.0,Filtering
32,41.12715331599708,23.0,63.0,I,6.497721565147643,Step change,30.0,Filtering
33,36.91771502327167,19.0,57.0,I,2.723039404179741,Step change,40.0,Filtering
34,41.311856376461684,23.0,63.0,I,2.6206846122966048,Step change,38.0,Filtering
35,41.847140589256334,23.0,63.0,I,5.702943967472192,Step change,51.0,Filtering
36,50.46838054837234,30.0,74.0,I,2.6165601921103536,Step change,51.0,Filtering
37,54.740469688917756,33.0,79.0,I,3.2980141376492385,Step change,50.0,Filtering
38,55.84564064765339,34.0,81.0,I,4.636693662713473,Step change,63.0,Filtering
39,64.90484698236783,41.0,92.0,I,2.9566417084197907,Step change,64.0,Filtering
40,69.74896351166883,45.0,98.0,I,3.9024106566836902,Step change,64.0,Filtering
41,71.53042099806078,46.0,100.0,I,3.1373971275607833,Step change,71.0,Filtering
42,76.65542736073235,50.0,106.0,I,3.537908572544621,Step change,73.0,Filtering
43,79.83879939748255,53.0,110.0,I,3.3328064476962065,Step change,79.0,Filtering
44,84.90228786659345,57.0,116.0,I,3.4899941207054335,Step change,83.0,Filtering
45,89.44260738357082,61.0,121.0,I,7.718180870637292,Step change,102.0,Filtering
46,104.44674876777512,73.0,139.0,I,10.285525666888882,Step change,87.0,Filtering
47,99.89338185383296,68.0,134.0,I,4.565517575756909,Step change,94.0,Filtering
48,102.12663649769242,70.0,136.0,I,5.499523048577723,Step change,110.0,Filtering
49,113.68281668308362,81.0,150.0,I,4.154162589874194,Step change,115.0,Filtering
50,121.85862619168473,87.0,160.0,I,4.345255181286982,Step change,119.0,Filtering
51,127.73560406222609,91.0,167.0,I,17.235022105289325,Step change,154.0,Filtering
52,155.26169958234317,115.0,200.0,I,9.913090089148682,Step change,138.0,Filtering
53,154.85983537187076,114.0,199.0,I,6.332332685146355,Step change,163.0,Filtering
54,172.51526960076706,130.0,219.0,I,6.637203887742344,Step change,163.0,Filtering
55,178.63330853630572,134.0,226.0,I,12.057869088089337,Step change,158.0,Filtering
56,172.16529568541034,112.0,236.0,I,84.45206974325079,Step change,70.0,Filtering
57,83.78899189639623,42.0,129.0,I,10.486070253377429,Step change,101.0,Filtering
58,97.19172431882976,54.0,144.0,I,5.778762944651631,Step change,91.0,Filtering
59,90.35856438333182,49.0,135.0,I,11.869013841521515,Step change,70.0,Filtering
60,71.07456371988106,36.0,110.0,I,8.082213229890762,Step change,84.0,Filtering
61,77.6232284480347,42.0,117.0,I,4.902742324407222,Step change,72.0,Filtering
62,69.81420273521789,37.0,106.0,I,4.290860724118833,Step change,66.0,Filtering
63,63.49081013955646,33.0,97.0,I,3.8477264207851123,Step change,61.0,Filtering
64,58.25996644037158,30.0,90.0,I,3.5042005575224575,Step change,58.0,Filtering
65,54.76688048074163,28.0,85.0,I,5.420653484232265,Step change,63.0,Filtering
66,57.30326474855349,31.0,87.0,I,3.3665845388865505,Step change,55.0,Filtering
67,52.75748364899911,28.0,81.0,I,4.461262654356034,Step change,59.0,Filtering
68,54.32430221730276,30.0,82.0,I,7.742145596833783,Step change,41.0,Filtering
69,42.59964733516909,21.0,67.0,I,3.87615707807242,Step change,48.0,Filtering
70,43.801871472527125,23.0,68.0,I,9.18771839816068,Step change,58.0,Filtering
71,50.59062055305678,28.0,76.0,I,3.6363604827898213,Step change,45.0,Filtering
72,45.0804448001612,24.0,69.0,I,5.743889170225652,Step change,35.0,Filtering
73,36.675084610386364,18.0,58.0,I,5.196225748282786,Step change,45.0,Filtering
74,40.0393657517772,21.0,62.0,I,3.564459650241683,Step change,34.0,Filtering
75,34.59320421180353,17.0,55.0,I,2.2364848313954067,Step change,35.0,Filtering
76,33.19646495230707,17.0,52.0,I,2.132617295238177,Step change,32.0,Filtering
77,30.89362813486579,15.0,49.0,I,2.9486576440353245,Step change,35.0,Filtering
78,31.731742394803803,16.0,50.0,I,6.526276607844583,Step change,21.0,Filtering
79,23.961914139513517,11.0,40.0,I,1.7525574715994203,Step change,24.0,Filtering
80,22.56134620093365,10.0,38.0,I,7.9314781288924205,Step change,34.0,Filtering
81,27.13430627550416,14.0,43.0,I,1.77420367746792,Step change,27.0,Filtering
82,25.8999220170361,13.0,42.0,I,4.584908259155194,Step change,18.0,Filtering
83,20.497650059609942,9.0,35.0,I,2.100928678418736,Step change,17.0,Filtering
84,17.466728327093797,7.0,31.0,I,19.119147637715816,Step change,40.0,Filtering
85,27.690193108285754,14.0,44.0,I,9.424273804891488,Step change,41.0,Filtering
86,34.55721532607302,19.0,53.0,I,3.0930050229267168,Step change,39.0,Filtering
87,38.174291601288985,21.0,58.0,I,13.847449124280011,Step change,57.0,Filtering
88,51.25793908645255,31.0,74.0,I,3.041797777334076,Step change,47.0,Filtering
89,52.359551616164126,32.0,76.0,I,3.8164075123084,Step change,46.0,Filtering
90,51.75420184335357,31.0,75.0,I,3.9983520156810752,Step change,45.0,Filtering
91,50.21315239827534,30.0,74.0,I,8.124248395613613,Step change,63.0,Filtering
92,61.341772273925926,38.0,87.0,I,4.089432761713196,Step change,67.0,Filtering
93,69.56659169316409,45.0,98.0,I,3.8701553016827814,Step change,64.0,Filtering
94,71.01696186935624,46.0,100.0,I,3.3879245307628953,Step change,73.0,Filtering
95,77.66497347522882,51.0,108.0,I,9.280425766866585,Step change,62.0,Filtering
96,71.63345983968028,45.0,101.0,I,3.9724052157909986,Step change,76.0,Filtering
97,78.77421260069698,51.0,110.0,I,5.0457941294548245,Step change,86.0,Filtering
98,88.72668166408914,59.0,122.0,I,3.834778662569707,Step change,86.0,Filtering
99,92.60929487818505,62.0,127.0,I,5.347143734859767,Step change,100.0,Filtering
100,104.34365435164808,71.0,141.0,I,5.8407923764882135,Step change,95.0,Filtering
1,1630.0000000000068,81.0,3179.0,I,1015.1565981805161,Step change,73.0,Smoothing
2,59.910677115715536,41.0,81.0,I,2.4362864545243665,Step change,58.0,Smoothing
3,57.29982298670234,40.0,76.0,I,2.167724213805896,Step change,57.0,Smoothing
4,56.53627688778107,40.0,75.0,I,2.4604847371419343,Step change,59.0,Smoothing
5,53.860940336963296,37.0,72.0,I,2.6471403991641296,Step change,50.0,Smoothing
6,55.633046661986015,39.0,74.0,I,5.153179326839921,Step change,64.0,Smoothing
7,49.24211778883499,33.0,67.0,I,2.0270311734493345,Step change,48.0,Smoothing
8,44.522776080975206,29.0,61.0,I,3.2098944156123608,Step change,39.0,Smoothing
9,45.42400646571474,30.0,62.0,I,2.0634337710963164,Step change,47.0,Smoothing
10,44.564786226072144,30.0,61.0,I,2.5424766440620035,Step change,48.0,Smoothing
11,40.52906759830807,26.0,56.0,I,1.78572337794172,Step change,40.0,Smoothing
12,37.197212479565316,24.0,52.0,I,1.7522958885342113,Step change,36.0,Smoothing
13,34.92379918815086,22.0,50.0,I,1.801724809028368,Step change,33.0,Smoothing
14,34.23323587191467,21.0,49.0,I,1.6873332261000522,Step change,35.0,Smoothing
15,32.80571295782605,20.0,47.0,I,1.6009697947471253,Step change,32.0,Smoothing
16,32.06590589935081,20.0,46.0,I,2.572474808257623,Step change,36.0,Smoothing
17,28.476862996852365,17.0,42.0,I,1.6722238879461817,Step change,30.0,Smoothing
18,24.18346331110854,13.0,37.0,I,2.9430680634843136,Step change,19.0,Smoothing
19,23.816085029743327,13.0,36.0,I,1.5040397955601945,Step change,22.0,Smoothing
20,24.560727062220746,14.0,37.0,I,3.388880610524488,Step change,30.0,Smoothing
21,21.996675837029855,12.0,34.0,I,1.8115180419961585,Step change,19.0,Smoothing
22,21.42859417869354,12.0,33.0,I,1.8278962964026393,Step change,24.0,Smoothing
23,19.45394872380144,10.0,30.0,I,1.3012029151644975,Step change,18.0,Smoothing
24,18.349750318265432,9.0,29.0,I,1.250675952271621,Step change,17.0,Smoothing
25,17.89182908346314,9.0,28.0,I,1.356159703356306,Step change,16.0,Smoothing
26,18.30921616875859,9.0,29.0,I,1.489137355009466,Step change,16.0,Smoothing
27,19.86046248171236,10.0,31.0,I,2.772161397702842,Step change,15.0,Smoothing
28,24.24579112727018,14.0,36.0,I,1.928904820183289,Step change,27.0,Smoothing
29,29.021847246601,18.0,42.0,I,6.888909142948528,Step change,39.0,Smoothing
30,31.907232381117076,20.0,45.0,I,2.1757727943370373,Step change,35.0,Smoothing
31,34.74732354020992,22.0,49.0,I,3.865159522810182,Step change,41.0,Smoothing
32,35.63058808828252,23.0,50.0,I,3.2203909582688395,Step change,30.0,Smoothing
33,38.85494739119271,26.0,54.0,I,1.7882567647059697,Step change,40.0,Smoothing
34,41.65568000575245,28.0,57.0,I,2.3532445734795617,Step change,38.0,Smoothing
35,46.632513403475684,32.0,63.0,I,2.8906714962300644,Step change,51.0,Smoothing
36,50.051716551883054,35.0,67.0,I,1.9957802756467105,Step change,51.0,Smoothing
37,53.36646713687473,37.0,71.0,I,2.442548440405159,Step change,50.0,Smoothing
38,59.07996380691251,42.0,78.0,I,2.8674850808954235,Step change,63.0,Smoothing
39,62.80908083121898,45.0,82.0,I,2.276504574166122,Step change,64.0,Smoothing
40,65.89397749631542,48.0,86.0,I,2.3595041251131064,Step change,64.0,Smoothing
41,70.37305955372973,52.0,91.0,I,2.369202608779098,Step change,71.0,Smoothing
42,74.30217382848947,55.0,95.0,I,2.4528593577016657,Step change,73.0,Smoothing
43,79.39956105779726,59.0,101.0,I,2.5046371266687526,Step change,79.0,Smoothing
44,85.02935247902887,64.0,108.0,I,2.709881630732225,Step change,83.0,Smoothing
45,93.26709660416644,71.0,117.0,I,5.360782012189098,Step change,102.0,Smoothing
46,92.45369194695795,70.0,116.0,I,3.6407162747222954,Step change,87.0,Smoothing
47,97.75189930906912,75.0,122.0,I,3.226024406146653,Step change,94.0,Smoothing
48,107.74310371690666,84.0,134.0,I,3.177113576564893,Step change,110.0,Smoothing
49,115.34502824944822,90.0,142.0,I,3.091010987706009,Step change,115.0,Smoothing
50,124.04953737923921,98.0,152.0,I,3.872024848373602,Step change,119.0,Smoothing
51,142.24701889759717,114.0,172.0,I,7.1576029510342565,Step change,154.0,Smoothing
52,143.7520153806571,115.0,174.0,I,4.281653590754953,Step change,138.0,Smoothing
53,155.80288796230832,126.0,187.0,I,5.066888429992413,Step change,163.0,Smoothing
54,154.66812624564093,125.0,186.0,I,5.520226436018415,Step change,163.0,Smoothing
55,137.71639313800654,110.0,168.0,I,13.271332667216896,Step change,158.0,Smoothing
56,88.69491834881674,65.0,115.0,I,12.133408017062266,Step change,70.0,Smoothing
57,96.09488527589758,73.0,121.0,I,3.757325500560304,Step change,101.0,Smoothing
58,89.07940453931138,67.0,113.0,I,2.956187736682055,Step change,91.0,Smoothing
59,76.81518015073671,56.0,100.0,I,4.089478899455589,Step change,70.0,Smoothing
60,79.75821841151333,59.0,103.0,I,3.348537268502038,Step change,84.0,Smoothing
61,72.6858335705374,53.0,95.0,I,2.509539732304904,Step change,72.0,Smoothing
62,66.84688927281994,48.0,88.0,I,2.4063929947832934,Step change,66.0,Smoothing
63,62.326118321933585,44.0,83.0,I,2.3478712576581624,Step change,61.0,Smoothing
64,59.849419789971975,42.0,80.0,I,2.349503044748757,Step change,58.0,Smoothing
65,60.31217274206189,42.0,80.0,I,2.6102258778871286,Step change,63.0,Smoothing
66,56.379707732893564,39.0,76.0,I,2.2140639703183513,Step change,55.0,Smoothing
67,54.676946397995906,38.0,73.0,I,3.032080382221102,Step change,59.0,Smoothing
68,47.159850626103925,31.0,65.0,I,3.5516444982578905,Step change,41.0,Smoothing
69,48.58549390614627,33.0,66.0,I,1.992569712945751,Step change,48.0,Smoothing
70,50.833600664325026,35.0,69.0,I,4.411801084628687,Step change,58.0,Smoothing
71,45.020704210140906,30.0,62.0,I,1.9036042076223985,Step change,45.0,Smoothing
72,39.93310991817553,26.0,56.0,I,2.890693448844152,Step change,35.0,Smoothing
73,40.47574351579479,26.0,56.0,I,2.942762041698413,Step change,45.0,Smoothing
74,36.317280724969166,23.0,51.0,I,1.9181727071273764,Step change,34.0,Smoothing
75,34.64445317464232,22.0,49.0,I,1.6672689016486706,Step change,35.0,Smoothing
76,32.57541366419994,20.0,47.0,I,1.5925971310566855,Step change,32.0,Smoothing
77,31.028556653783482,19.0,45.0,I,2.583439953725957,Step change,35.0,Smoothing
78,26.391699724196577,15.0,39.0,I,3.064297806486434,Step change,21.0,Smoothing
79,26.378538021417427,15.0,39.0,I,1.7085669764065687,Step change,24.0,Smoothing
80,28.15938938551322,17.0,41.0,I,3.6302722178019455,Step change,34.0,Smoothing
81,26.06954615897715,15.0,39.0,I,1.4918856188743135,Step change,27.0,Smoothing
82,23.623883446694542,13.0,36.0,I,3.2279540106274824,Step change,18.0,Smoothing
83,24.80216694700369,14.0,37.0,I,4.830582055183174,Step change,17.0,Smoothing
84,32.003703634188724,20.0,46.0,I,5.133594907261915,Step change,40.0,Smoothing
85,36.411098734275754,24.0,51.0,I,2.9089154315097163,Step change,41.0,Smoothing
86,40.04883588786937,26.0,55.0,I,1.7440007901086934,Step change,39.0,Smoothing
87,45.777987481963706,31.0,62.0,I,7.454107912667727,Step change,57.0,Smoothing
88,46.955734473816406,32.0,63.0,I,1.8690130606879585,Step change,47.0,Smoothing
89,48.40398491271952,33.0,65.0,I,2.128310586309708,Step change,46.0,Smoothing
90,51.1298162140241,35.0,69.0,I,3.5474342953532347,Step change,45.0,Smoothing
91,58.18365557516721,41.0,77.0,I,3.210541853409074,Step change,63.0,Smoothing
92,62.94334102890565,45.0,82.0,I,2.970809817227223,Step change,67.0,Smoothing
93,65.42205081571184,47.0,85.0,I,2.2973252302051903,Step change,64.0,Smoothing
94,69.11163443083763,51.0,89.0,I,3.0012487416956604,Step change,73.0,Smoothing
95,69.33923241806824,50.0,90.0,I,4.264224409670766,Step change,62.0,Smoothing
96,76.0253312877275,56.0,97.0,I,2.4539491171707133,Step change,76.0,Smoothing
97,83.12534725470596,62.0,106.0,I,2.927229760320875,Step change,86.0,Smoothing
98,87.96559850147659,67.0,111.0,I,2.7543965273469766,Step change,86.0,Smoothing
99,95.50515401872877,73.0,120.0,I,3.5465100548458555,Step change,100.0,Smoothing
100,98.30896111436692,74.0,125.0,I,3.2638573539673823,Step change,95.0,Smoothing
