eta,p,simulation,model
0.001,0.0,NZ COVID Aug 2021,EpiFilter
0.002,0.0,NZ COVID Aug 2021,EpiFilter
0.003,0.0,NZ COVID Aug 2021,EpiFilter
0.004,1.1028596844031001e-288,NZ COVID Aug 2021,EpiFilter
0.005,1.7514076760040024e-249,NZ COVID Aug 2021,EpiFilter
0.006,4.742770730658768e-221,NZ COVID Aug 2021,EpiFilter
0.007,3.336013160044266e-199,NZ COVID Aug 2021,EpiFilter
0.008,8.23956532524243e-182,NZ COVID Aug 2021,EpiFilter
0.009,1.206649442413663e-167,NZ COVID Aug 2021,EpiFilter
0.01,7.272331121446059e-156,NZ COVID Aug 2021,EpiFilter
0.011,7.163430920569749e-146,NZ COVID Aug 2021,EpiFilter
0.012,3.102941001559582e-137,NZ COVID Aug 2021,EpiFilter
0.013,1.2084826591487797e-129,NZ COVID Aug 2021,EpiFilter
0.014,7.12506801193794e-123,NZ COVID Aug 2021,EpiFilter
0.015,9.327183806046735e-117,NZ COVID Aug 2021,EpiFilter
0.016,3.602444830788182e-111,NZ COVID Aug 2021,EpiFilter
0.017,5.080832312525343e-106,NZ COVID Aug 2021,EpiFilter
0.018000000000000002,3.075883253907658e-101,NZ COVID Aug 2021,EpiFilter
0.019,9.047532701479677e-97,NZ COVID Aug 2021,EpiFilter
0.02,1.4235566026395361e-92,NZ COVID Aug 2021,EpiFilter
0.021,1.2921167974492088e-88,NZ COVID Aug 2021,EpiFilter
0.022000000000000002,7.184660346047256e-85,NZ COVID Aug 2021,EpiFilter
0.023,2.5688039442705365e-81,NZ COVID Aug 2021,EpiFilter
0.024,6.14443576775823e-78,NZ COVID Aug 2021,EpiFilter
0.025,1.016082890718199e-74,NZ COVID Aug 2021,EpiFilter
0.026000000000000002,1.1941991257837202e-71,NZ COVID Aug 2021,EpiFilter
0.027,1.0213315674741714e-68,NZ COVID Aug 2021,EpiFilter
0.028,6.487203350929872e-66,NZ COVID Aug 2021,EpiFilter
0.028999999999999998,3.115378669705965e-63,NZ COVID Aug 2021,EpiFilter
0.030000000000000002,1.1492396207640773e-60,NZ COVID Aug 2021,EpiFilter
0.031,3.303162080631087e-58,NZ COVID Aug 2021,EpiFilter
0.032,7.493070559862637e-56,NZ COVID Aug 2021,EpiFilter
0.033,1.3574036502187312e-53,NZ COVID Aug 2021,EpiFilter
0.033999999999999996,1.9850937268235224e-51,NZ COVID Aug 2021,EpiFilter
0.035,2.367200088844301e-49,NZ COVID Aug 2021,EpiFilter
0.036000000000000004,2.3234500846174205e-47,NZ COVID Aug 2021,EpiFilter
0.037,1.893563646977567e-45,NZ COVID Aug 2021,EpiFilter
0.038,1.2919629029781206e-43,NZ COVID Aug 2021,EpiFilter
0.039,7.437300261100357e-42,NZ COVID Aug 2021,EpiFilter
0.04,3.638844190891411e-40,NZ COVID Aug 2021,EpiFilter
0.041,1.5237541515257705e-38,NZ COVID Aug 2021,EpiFilter
0.041999999999999996,5.497136550088091e-37,NZ COVID Aug 2021,EpiFilter
0.043000000000000003,1.7193065355777692e-35,NZ COVID Aug 2021,EpiFilter
0.044000000000000004,4.68984306105432e-34,NZ COVID Aug 2021,EpiFilter
0.045,1.1220733278094919e-32,NZ COVID Aug 2021,EpiFilter
0.046,2.367533238919839e-31,NZ COVID Aug 2021,EpiFilter
0.047,4.42820595484999e-30,NZ COVID Aug 2021,EpiFilter
0.048,7.378335562013011e-29,NZ COVID Aug 2021,EpiFilter
0.049,1.1003537845555096e-27,NZ COVID Aug 2021,EpiFilter
0.049999999999999996,1.4753723089173976e-26,NZ COVID Aug 2021,EpiFilter
0.051000000000000004,1.7862013436974614e-25,NZ COVID Aug 2021,EpiFilter
0.052000000000000005,1.9606464946910843e-24,NZ COVID Aug 2021,EpiFilter
0.053,1.9588869339819786e-23,NZ COVID Aug 2021,EpiFilter
0.054,1.7880760044924628e-22,NZ COVID Aug 2021,EpiFilter
0.055,1.4965191872719891e-21,NZ COVID Aug 2021,EpiFilter
0.056,1.152345446524184e-20,NZ COVID Aug 2021,EpiFilter
0.057,8.190415936156076e-20,NZ COVID Aug 2021,EpiFilter
0.057999999999999996,5.39024263125613e-19,NZ COVID Aug 2021,EpiFilter
0.059000000000000004,3.2944758084574226e-18,NZ COVID Aug 2021,EpiFilter
0.06,1.8753383585318957e-17,NZ COVID Aug 2021,EpiFilter
0.061,9.969505872259865e-17,NZ COVID Aug 2021,EpiFilter
0.062,4.962515987858913e-16,NZ COVID Aug 2021,EpiFilter
0.063,2.3187222035193293e-15,NZ COVID Aug 2021,EpiFilter
0.06399999999999999,1.0194153549087421e-14,NZ COVID Aug 2021,EpiFilter
0.065,4.226700591497637e-14,NZ COVID Aug 2021,EpiFilter
0.066,1.656338284703768e-13,NZ COVID Aug 2021,EpiFilter
0.06699999999999999,6.147554157436749e-13,NZ COVID Aug 2021,EpiFilter
0.068,2.1653645388636268e-12,NZ COVID Aug 2021,EpiFilter
0.069,7.25216078929605e-12,NZ COVID Aug 2021,EpiFilter
0.06999999999999999,2.3137080574927492e-11,NZ COVID Aug 2021,EpiFilter
0.07100000000000001,7.043971988247663e-11,NZ COVID Aug 2021,EpiFilter
0.072,2.0498665235127322e-10,NZ COVID Aug 2021,EpiFilter
0.073,5.711270028678805e-10,NZ COVID Aug 2021,EpiFilter
0.07400000000000001,1.5258431579932778e-9,NZ COVID Aug 2021,EpiFilter
0.075,3.91471523183402e-9,NZ COVID Aug 2021,EpiFilter
0.076,9.658726515543772e-9,NZ COVID Aug 2021,EpiFilter
0.07700000000000001,2.294879457922777e-8,NZ COVID Aug 2021,EpiFilter
0.078,5.2575916021499675e-8,NZ COVID Aug 2021,EpiFilter
0.079,1.1629051125914776e-7,NZ COVID Aug 2021,EpiFilter
0.07999999999999999,2.486300367563946e-7,NZ COVID Aug 2021,EpiFilter
0.081,5.14416796312e-7,NZ COVID Aug 2021,EpiFilter
0.082,1.0311198764533257e-6,NZ COVID Aug 2021,EpiFilter
0.08299999999999999,2.004456775585818e-6,NZ COVID Aug 2021,EpiFilter
0.084,3.7828617959511615e-6,NZ COVID Aug 2021,EpiFilter
0.085,6.937543635120416e-6,NZ COVID Aug 2021,EpiFilter
0.086,1.237544943981604e-5,NZ COVID Aug 2021,EpiFilter
0.08700000000000001,2.149209765754815e-5,NZ COVID Aug 2021,EpiFilter
0.088,3.6369433554050425e-5,NZ COVID Aug 2021,EpiFilter
0.089,6.002013261818526e-5,NZ COVID Aug 2021,EpiFilter
0.09000000000000001,9.66738266291976e-5,NZ COVID Aug 2021,EpiFilter
0.091,0.0001520925639576,NZ COVID Aug 2021,EpiFilter
0.092,0.00023389289189426778,NZ COVID Aug 2021,EpiFilter
0.093,0.0003518412402244634,NZ COVID Aug 2021,EpiFilter
0.094,0.000518079281403334,NZ COVID Aug 2021,EpiFilter
0.095,0.0007472285202500154,NZ COVID Aug 2021,EpiFilter
0.09599999999999999,0.001056320541045101,NZ COVID Aug 2021,EpiFilter
0.097,0.0014645029230763397,NZ COVID Aug 2021,EpiFilter
0.098,0.0019924820442844874,NZ COVID Aug 2021,EpiFilter
0.09899999999999999,0.0026616830935311934,NZ COVID Aug 2021,EpiFilter
0.1,0.003493133676023484,NZ COVID Aug 2021,EpiFilter
0.101,0.004506108235189518,NZ COVID Aug 2021,EpiFilter
0.102,0.005716602836497801,NZ COVID Aug 2021,EpiFilter
0.10300000000000001,0.007135739646941658,NZ COVID Aug 2021,EpiFilter
0.104,0.008768223500585518,NZ COVID Aug 2021,EpiFilter
0.105,0.010610985522107264,NZ COVID Aug 2021,EpiFilter
0.10600000000000001,0.012652148204013376,NZ COVID Aug 2021,EpiFilter
0.107,0.014870431457345665,NZ COVID Aug 2021,EpiFilter
0.108,0.017235090633495598,NZ COVID Aug 2021,EpiFilter
0.109,0.019706437780909414,NZ COVID Aug 2021,EpiFilter
0.11,0.02223695038907576,NZ COVID Aug 2021,EpiFilter
0.111,0.024772922501726302,NZ COVID Aug 2021,EpiFilter
0.11199999999999999,0.027256566610521775,NZ COVID Aug 2021,EpiFilter
0.113,0.02962843607526806,NZ COVID Aug 2021,EpiFilter
0.114,0.03183001089900296,NZ COVID Aug 2021,EpiFilter
0.11499999999999999,0.033806277029597195,NZ COVID Aug 2021,EpiFilter
0.116,0.035508131811936454,NZ COVID Aug 2021,EpiFilter
0.117,0.03689446494485838,NZ COVID Aug 2021,EpiFilter
0.118,0.03793379300386368,NZ COVID Aug 2021,EpiFilter
0.11900000000000001,0.0386053628854159,NZ COVID Aug 2021,EpiFilter
0.12,0.03889968140006461,NZ COVID Aug 2021,EpiFilter
0.121,0.03881847057205956,NZ COVID Aug 2021,EpiFilter
0.122,0.03837408721778451,NZ COVID Aug 2021,EpiFilter
0.123,0.037588478015023845,NZ COVID Aug 2021,EpiFilter
0.124,0.03649176542533786,NZ COVID Aug 2021,EpiFilter
0.125,0.035120574427659645,NZ COVID Aug 2021,EpiFilter
0.126,0.03351621500457427,NZ COVID Aug 2021,EpiFilter
0.127,0.03172283151409386,NZ COVID Aug 2021,EpiFilter
0.128,0.02978561895675685,NZ COVID Aug 2021,EpiFilter
0.129,0.02774918961038875,NZ COVID Aug 2021,EpiFilter
0.13,0.025656153616899196,NZ COVID Aug 2021,EpiFilter
0.131,0.023545955884668866,NZ COVID Aug 2021,EpiFilter
0.13199999999999998,0.0214539909005371,NZ COVID Aug 2021,EpiFilter
0.13299999999999998,0.01941099817130941,NZ COVID Aug 2021,EpiFilter
0.134,0.017442725064669887,NZ COVID Aug 2021,EpiFilter
0.135,0.015569831402888206,NZ COVID Aug 2021,EpiFilter
0.136,0.01380800150000062,NZ COVID Aug 2021,EpiFilter
0.137,0.012168224311904082,NZ COVID Aug 2021,EpiFilter
0.13799999999999998,0.010657200626812273,NZ COVID Aug 2021,EpiFilter
0.13899999999999998,0.009277837228332577,NZ COVID Aug 2021,EpiFilter
0.14,0.00802979109341923,NZ COVID Aug 2021,EpiFilter
0.14100000000000001,0.00691003130141507,NZ COVID Aug 2021,EpiFilter
0.14200000000000002,0.0059133918213853,NZ COVID Aug 2021,EpiFilter
0.143,0.00503309417969619,NZ COVID Aug 2021,EpiFilter
0.144,0.004261224752829948,NZ COVID Aug 2021,EpiFilter
0.145,0.003589156751985876,NZ COVID Aug 2021,EpiFilter
0.146,0.0030079116429216446,NZ COVID Aug 2021,EpiFilter
0.14700000000000002,0.0025084586483036997,NZ COVID Aug 2021,EpiFilter
0.148,0.002081954064616274,NZ COVID Aug 2021,EpiFilter
0.149,0.0017199244083445423,NZ COVID Aug 2021,EpiFilter
0.15,0.0014143989512345539,NZ COVID Aug 2021,EpiFilter
0.151,0.0011579981058237434,NZ COVID Aug 2021,EpiFilter
0.152,0.0009439844899390391,NZ COVID Aug 2021,EpiFilter
0.15300000000000002,0.0007662834467387293,NZ COVID Aug 2021,EpiFilter
0.154,0.0006194794344074858,NZ COVID Aug 2021,EpiFilter
0.155,0.0004987941261232078,NZ COVID Aug 2021,EpiFilter
0.156,0.0004000513611754484,NZ COVID Aug 2021,EpiFilter
0.157,0.00031963333173550755,NZ COVID Aug 2021,EpiFilter
0.158,0.0002544316304516838,NZ COVID Aug 2021,EpiFilter
0.15899999999999997,0.00020179606095832098,NZ COVID Aug 2021,EpiFilter
0.16,0.00015948345287741876,NZ COVID Aug 2021,EpiFilter
0.161,0.00012560814045824826,NZ COVID Aug 2021,EpiFilter
0.162,9.8595266526915e-5,NZ COVID Aug 2021,EpiFilter
0.163,7.713766130190931e-5,NZ COVID Aug 2021,EpiFilter
0.16399999999999998,6.015671457752339e-5,NZ COVID Aug 2021,EpiFilter
0.16499999999999998,4.676740251953501e-5,NZ COVID Aug 2021,EpiFilter
0.166,3.624743783331897e-5,NZ COVID Aug 2021,EpiFilter
0.167,2.8010374682186154e-5,NZ COVID Aug 2021,EpiFilter
0.168,2.158240781168275e-5,NZ COVID Aug 2021,EpiFilter
0.169,1.6582549823488897e-5,NZ COVID Aug 2021,EpiFilter
0.16999999999999998,1.2705843282638795e-5,NZ COVID Aug 2021,EpiFilter
0.17099999999999999,9.709258233412162e-6,NZ COVID Aug 2021,EpiFilter
0.17200000000000001,7.399934765487171e-6,NZ COVID Aug 2021,EpiFilter
0.17300000000000001,5.625449614771294e-6,NZ COVID Aug 2021,EpiFilter
0.17400000000000002,4.265811516217225e-6,NZ COVID Aug 2021,EpiFilter
0.175,3.2269191500853786e-6,NZ COVID Aug 2021,EpiFilter
0.176,2.435245807192689e-6,NZ COVID Aug 2021,EpiFilter
0.177,1.8335447487586923e-6,NZ COVID Aug 2021,EpiFilter
0.178,1.377397572251974e-6,NZ COVID Aug 2021,EpiFilter
0.17900000000000002,1.0324540423508466e-6,NZ COVID Aug 2021,EpiFilter
0.18,7.72235439125163e-7,NZ COVID Aug 2021,EpiFilter
0.181,5.763943752659111e-7,NZ COVID Aug 2021,EpiFilter
0.182,4.293422627166384e-7,NZ COVID Aug 2021,EpiFilter
0.183,3.191712962218955e-7,NZ COVID Aug 2021,EpiFilter
0.184,2.3681116365662656e-7,NZ COVID Aug 2021,EpiFilter
0.18500000000000003,1.7537192309140926e-7,NZ COVID Aug 2021,EpiFilter
0.186,1.296338502375306e-7,NZ COVID Aug 2021,EpiFilter
0.187,9.56528010000746e-8,NZ COVID Aug 2021,EpiFilter
0.188,7.045598365018675e-8,NZ COVID Aug 2021,EpiFilter
0.189,5.180820625160401e-8,NZ COVID Aug 2021,EpiFilter
0.19,3.8032848162841255e-8,NZ COVID Aug 2021,EpiFilter
0.19099999999999998,2.7875167425625884e-8,NZ COVID Aug 2021,EpiFilter
0.192,2.0398243743549546e-8,NZ COVID Aug 2021,EpiFilter
0.193,1.490399335386685e-8,NZ COVID Aug 2021,EpiFilter
0.194,1.0873381731717357e-8,NZ COVID Aug 2021,EpiFilter
0.195,7.921289750043631e-9,NZ COVID Aug 2021,EpiFilter
0.19599999999999998,5.7625305150647565e-9,NZ COVID Aug 2021,EpiFilter
0.19699999999999998,4.1863264524208624e-9,NZ COVID Aug 2021,EpiFilter
0.198,3.0371871539779644e-9,NZ COVID Aug 2021,EpiFilter
0.199,2.200616581173122e-9,NZ COVID Aug 2021,EpiFilter
0.2,1.5924543716169301e-9,NZ COVID Aug 2021,EpiFilter
0.201,1.1509448335325767e-9,NZ COVID Aug 2021,EpiFilter
0.20199999999999999,8.308482367313269e-10,NZ COVID Aug 2021,EpiFilter
0.20299999999999999,5.990775794671902e-10,NZ COVID Aug 2021,EpiFilter
0.204,4.3147216688952747e-10,NZ COVID Aug 2021,EpiFilter
0.20500000000000002,3.104164702473751e-10,NZ COVID Aug 2021,EpiFilter
0.20600000000000002,2.2308614018832524e-10,NZ COVID Aug 2021,EpiFilter
0.207,1.6015836265426537e-10,NZ COVID Aug 2021,EpiFilter
0.208,1.1486531643480255e-10,NZ COVID Aug 2021,EpiFilter
0.209,8.23006508670639e-11,NZ COVID Aug 2021,EpiFilter
0.21,5.891219895811386e-11,NZ COVID Aug 2021,EpiFilter
0.21100000000000002,4.2131517053734555e-11,NZ COVID Aug 2021,EpiFilter
0.21200000000000002,3.0103771503337526e-11,NZ COVID Aug 2021,EpiFilter
0.213,2.1491091682751835e-11,NZ COVID Aug 2021,EpiFilter
0.214,1.5329619539839633e-11,NZ COVID Aug 2021,EpiFilter
0.215,1.0925742341827125e-11,NZ COVID Aug 2021,EpiFilter
0.216,7.780873159102014e-12,NZ COVID Aug 2021,EpiFilter
0.217,5.5369987710694975e-12,NZ COVID Aug 2021,EpiFilter
0.218,3.937312845535695e-12,NZ COVID Aug 2021,EpiFilter
0.219,2.7977912852023397e-12,NZ COVID Aug 2021,EpiFilter
0.22,1.9866935426624204e-12,NZ COVID Aug 2021,EpiFilter
0.221,1.4097974230630066e-12,NZ COVID Aug 2021,EpiFilter
0.222,9.99775992020133e-13,NZ COVID Aug 2021,EpiFilter
0.22299999999999998,7.085631448622296e-13,NZ COVID Aug 2021,EpiFilter
0.224,5.018729628527077e-13,NZ COVID Aug 2021,EpiFilter
0.225,3.552693699233642e-13,NZ COVID Aug 2021,EpiFilter
0.226,2.51350423541633e-13,NZ COVID Aug 2021,EpiFilter
0.227,1.7773311751103983e-13,NZ COVID Aug 2021,EpiFilter
0.228,1.2561248323313598e-13,NZ COVID Aug 2021,EpiFilter
0.22899999999999998,8.873227332433483e-14,NZ COVID Aug 2021,EpiFilter
0.23,6.265031774906633e-14,NZ COVID Aug 2021,EpiFilter
0.231,4.421464589454809e-14,NZ COVID Aug 2021,EpiFilter
0.232,3.119021834247058e-14,NZ COVID Aug 2021,EpiFilter
0.233,2.1993183913348048e-14,NZ COVID Aug 2021,EpiFilter
0.23399999999999999,1.5501835125292504e-14,NZ COVID Aug 2021,EpiFilter
0.235,1.0922226617728327e-14,NZ COVID Aug 2021,EpiFilter
0.236,7.692719900286643e-15,NZ COVID Aug 2021,EpiFilter
0.23700000000000002,5.416226151460261e-15,NZ COVID Aug 2021,EpiFilter
0.23800000000000002,3.812142493787805e-15,NZ COVID Aug 2021,EpiFilter
0.239,2.6822801007294177e-15,NZ COVID Aug 2021,EpiFilter
0.24,1.886726140781389e-15,NZ COVID Aug 2021,EpiFilter
0.241,1.3267536389895643e-15,NZ COVID Aug 2021,EpiFilter
0.242,9.327284226899506e-16,NZ COVID Aug 2021,EpiFilter
0.24300000000000002,6.555568161788365e-16,NZ COVID Aug 2021,EpiFilter
0.24400000000000002,4.606406365317416e-16,NZ COVID Aug 2021,EpiFilter
0.245,3.236066273529581e-16,NZ COVID Aug 2021,EpiFilter
0.246,2.2729096241921617e-16,NZ COVID Aug 2021,EpiFilter
0.247,1.5961098172755215e-16,NZ COVID Aug 2021,EpiFilter
0.248,1.1206379924860126e-16,NZ COVID Aug 2021,EpiFilter
0.249,7.866760191649468e-17,NZ COVID Aug 2021,EpiFilter
0.25,5.521542208820017e-17,NZ COVID Aug 2021,EpiFilter
0.251,3.874936713485544e-17,NZ COVID Aug 2021,EpiFilter
0.252,2.7190317578997852e-17,NZ COVID Aug 2021,EpiFilter
0.253,1.90772166975551e-17,NZ COVID Aug 2021,EpiFilter
0.254,1.3383581049213875e-17,NZ COVID Aug 2021,EpiFilter
0.255,9.388401795797382e-18,NZ COVID Aug 2021,EpiFilter
0.256,6.5853422389383194e-18,NZ COVID Aug 2021,EpiFilter
0.257,4.618890032052582e-18,NZ COVID Aug 2021,EpiFilter
0.25799999999999995,3.239475043092494e-18,NZ COVID Aug 2021,EpiFilter
0.259,2.2719274746823777e-18,NZ COVID Aug 2021,EpiFilter
0.26,1.5933165875482242e-18,NZ COVID Aug 2021,EpiFilter
0.261,1.1173838131735942e-18,NZ COVID Aug 2021,EpiFilter
0.262,7.836103635260571e-19,NZ COVID Aug 2021,EpiFilter
0.26299999999999996,5.495411207290178e-19,NZ COVID Aug 2021,EpiFilter
0.264,3.8539590858290178e-19,NZ COVID Aug 2021,EpiFilter
0.26499999999999996,2.7028718737612227e-19,NZ COVID Aug 2021,EpiFilter
0.266,1.8956570472774236e-19,NZ COVID Aug 2021,EpiFilter
0.267,1.3295799389777297e-19,NZ COVID Aug 2021,EpiFilter
0.268,9.325966665592028e-20,NZ COVID Aug 2021,EpiFilter
0.269,6.54187527831813e-20,NZ COVID Aug 2021,EpiFilter
0.26999999999999996,4.5892726614783215e-20,NZ COVID Aug 2021,EpiFilter
0.271,3.219754774253668e-20,NZ COVID Aug 2021,EpiFilter
0.272,2.259139916044868e-20,NZ COVID Aug 2021,EpiFilter
0.273,1.5852905031918503e-20,NZ COVID Aug 2021,EpiFilter
0.274,1.1125612082866844e-20,NZ COVID Aug 2021,EpiFilter
0.27499999999999997,7.808941341582593e-21,NZ COVID Aug 2021,EpiFilter
0.276,5.481726972988552e-21,NZ COVID Aug 2021,EpiFilter
0.27699999999999997,3.848605291519716e-21,NZ COVID Aug 2021,EpiFilter
0.278,2.7024256339883868e-21,NZ COVID Aug 2021,EpiFilter
0.279,1.8978948767941422e-21,NZ COVID Aug 2021,EpiFilter
0.27999999999999997,1.3330981719410394e-21,NZ COVID Aug 2021,EpiFilter
0.281,9.365418442649097e-22,NZ COVID Aug 2021,EpiFilter
0.282,6.580679680000622e-22,NZ COVID Aug 2021,EpiFilter
0.28300000000000003,4.624834651785322e-22,NZ COVID Aug 2021,EpiFilter
0.284,3.250924528162374e-22,NZ COVID Aug 2021,EpiFilter
0.285,2.2856306547014464e-22,NZ COVID Aug 2021,EpiFilter
0.28600000000000003,1.6072999101791879e-22,NZ COVID Aug 2021,EpiFilter
0.287,1.1305314648423805e-22,NZ COVID Aug 2021,EpiFilter
0.28800000000000003,7.953647920434547e-23,NZ COVID Aug 2021,EpiFilter
0.289,5.596945820788764e-23,NZ COVID Aug 2021,EpiFilter
0.29,3.939488908230811e-23,NZ COVID Aug 2021,EpiFilter
0.291,2.773547807213516e-23,NZ COVID Aug 2021,EpiFilter
0.292,1.953175788034922e-23,NZ COVID Aug 2021,EpiFilter
0.29300000000000004,1.3758141377021342e-23,NZ COVID Aug 2021,EpiFilter
0.294,9.693793720891781e-24,NZ COVID Aug 2021,EpiFilter
0.295,6.83197255541716e-24,NZ COVID Aug 2021,EpiFilter
0.296,4.8163662212740994e-24,NZ COVID Aug 2021,EpiFilter
0.297,3.39638262868175e-24,NZ COVID Aug 2021,EpiFilter
0.29800000000000004,2.395742105752124e-24,NZ COVID Aug 2021,EpiFilter
0.299,1.6904115341327517e-24,NZ COVID Aug 2021,EpiFilter
0.30000000000000004,1.1930984813066479e-24,NZ COVID Aug 2021,EpiFilter
0.301,8.423529406736897e-25,NZ COVID Aug 2021,EpiFilter
0.302,5.949059452081141e-25,NZ COVID Aug 2021,EpiFilter
0.303,4.202825325298599e-25,NZ COVID Aug 2021,EpiFilter
0.304,2.9701306865993528e-25,NZ COVID Aug 2021,EpiFilter
0.30500000000000005,2.099680868585967e-25,NZ COVID Aug 2021,EpiFilter
0.306,1.4848303110996875e-25,NZ COVID Aug 2021,EpiFilter
0.307,1.0503847469647151e-25,NZ COVID Aug 2021,EpiFilter
0.308,7.433104618891259e-26,NZ COVID Aug 2021,EpiFilter
0.309,5.261923270503459e-26,NZ COVID Aug 2021,EpiFilter
0.31,3.7262615463591114e-26,NZ COVID Aug 2021,EpiFilter
0.311,2.6397257643755886e-26,NZ COVID Aug 2021,EpiFilter
0.312,1.8706950524885608e-26,NZ COVID Aug 2021,EpiFilter
0.313,1.3261966138199318e-26,NZ COVID Aug 2021,EpiFilter
0.314,9.405362683177656e-27,NZ COVID Aug 2021,EpiFilter
0.315,6.67279594645927e-27,NZ COVID Aug 2021,EpiFilter
0.316,4.735945767040791e-27,NZ COVID Aug 2021,EpiFilter
0.317,3.362591069313635e-27,NZ COVID Aug 2021,EpiFilter
0.318,2.3884254712945647e-27,NZ COVID Aug 2021,EpiFilter
0.319,1.697154769403781e-27,NZ COVID Aug 2021,EpiFilter
0.32,1.2064382514057226e-27,NZ COVID Aug 2021,EpiFilter
0.321,8.579547611491596e-28,NZ COVID Aug 2021,EpiFilter
0.32199999999999995,6.103810372724979e-28,NZ COVID Aug 2021,EpiFilter
0.323,4.344269036463214e-28,NZ COVID Aug 2021,EpiFilter
0.324,3.0932361607913465e-28,NZ COVID Aug 2021,EpiFilter
0.325,2.2033919020112015e-28,NZ COVID Aug 2021,EpiFilter
0.326,1.570197611160346e-28,NZ COVID Aug 2021,EpiFilter
0.32699999999999996,1.119443880246999e-28,NZ COVID Aug 2021,EpiFilter
0.328,7.984308692941307e-29,NZ COVID Aug 2021,EpiFilter
0.32899999999999996,5.697191133518299e-29,NZ COVID Aug 2021,EpiFilter
0.33,4.067000318682633e-29,NZ COVID Aug 2021,EpiFilter
0.331,2.9045510236332026e-29,NZ COVID Aug 2021,EpiFilter
0.332,2.0752795786876387e-29,NZ COVID Aug 2021,EpiFilter
0.333,1.4834345773936292e-29,NZ COVID Aug 2021,EpiFilter
0.33399999999999996,1.0608542532972148e-29,NZ COVID Aug 2021,EpiFilter
0.335,7.589967457193248e-30,NZ COVID Aug 2021,EpiFilter
0.33599999999999997,5.432781956935642e-30,NZ COVID Aug 2021,EpiFilter
0.337,3.8904880066234856e-30,NZ COVID Aug 2021,EpiFilter
0.338,2.7873183866598073e-30,NZ COVID Aug 2021,EpiFilter
0.33899999999999997,1.9978873364950817e-30,NZ COVID Aug 2021,EpiFilter
0.34,1.4327107555071709e-30,NZ COVID Aug 2021,EpiFilter
0.34099999999999997,1.0278987366490944e-30,NZ COVID Aug 2021,EpiFilter
0.342,7.37815158811958e-31,NZ COVID Aug 2021,EpiFilter
0.343,5.298480829466403e-31,NZ COVID Aug 2021,EpiFilter
0.344,3.8068241001500884e-31,NZ COVID Aug 2021,EpiFilter
0.34500000000000003,2.7364213798695584e-31,NZ COVID Aug 2021,EpiFilter
0.346,1.9679447935406816e-31,NZ COVID Aug 2021,EpiFilter
0.34700000000000003,1.415968669357761e-31,NZ COVID Aug 2021,EpiFilter
0.348,1.0193097442038413e-31,NZ COVID Aug 2021,EpiFilter
0.349,7.341274887326952e-32,NZ COVID Aug 2021,EpiFilter
0.35000000000000003,5.289937381152376e-32,NZ COVID Aug 2021,EpiFilter
0.351,3.813679963652796e-32,NZ COVID Aug 2021,EpiFilter
0.35200000000000004,2.750765317191238e-32,NZ COVID Aug 2021,EpiFilter
0.353,1.985085904964132e-32,NZ COVID Aug 2021,EpiFilter
0.354,1.433251519259476e-32,NZ COVID Aug 2021,EpiFilter
0.355,1.0353416908339563e-32,NZ COVID Aug 2021,EpiFilter
0.356,7.482797741784853e-33,NZ COVID Aug 2021,EpiFilter
0.35700000000000004,5.410832977982659e-33,NZ COVID Aug 2021,EpiFilter
0.358,3.9145771112027656e-33,NZ COVID Aug 2021,EpiFilter
0.359,2.8335243112944423e-33,NZ COVID Aug 2021,EpiFilter
0.36,2.0520651499556823e-33,NZ COVID Aug 2021,EpiFilter
0.361,1.4868877445264404e-33,NZ COVID Aug 2021,EpiFilter
0.362,1.0779255325854478e-33,NZ COVID Aug 2021,EpiFilter
0.363,7.818502188928908e-34,NZ COVID Aug 2021,EpiFilter
0.36400000000000005,5.673920643020188e-34,NZ COVID Aug 2021,EpiFilter
0.365,4.119727518590316e-34,NZ COVID Aug 2021,EpiFilter
0.366,2.9928151695191494e-34,NZ COVID Aug 2021,EpiFilter
0.367,2.1752945913178803e-34,NZ COVID Aug 2021,EpiFilter
0.368,1.5819167900015255e-34,NZ COVID Aug 2021,EpiFilter
0.36900000000000005,1.1510048076756172e-34,NZ COVID Aug 2021,EpiFilter
0.37,8.379134143403235e-35,NZ COVID Aug 2021,EpiFilter
0.371,6.103095862436845e-35,NZ COVID Aug 2021,EpiFilter
0.372,4.447652058383153e-35,NZ COVID Aug 2021,EpiFilter
0.373,3.2429592256714607e-35,NZ COVID Aug 2021,EpiFilter
0.374,2.3658256167267772e-35,NZ COVID Aug 2021,EpiFilter
0.375,1.7268515376613815e-35,NZ COVID Aug 2021,EpiFilter
0.376,1.2611268107190434e-35,NZ COVID Aug 2021,EpiFilter
0.377,9.214980910874424e-36,NZ COVID Aug 2021,EpiFilter
0.378,6.736936729170633e-36,NZ COVID Aug 2021,EpiFilter
0.379,4.927915498234038e-36,NZ COVID Aug 2021,EpiFilter
0.38,3.606593387570147e-36,NZ COVID Aug 2021,EpiFilter
0.38099999999999995,2.6409770969455626e-36,NZ COVID Aug 2021,EpiFilter
0.382,1.9349331795687063e-36,NZ COVID Aug 2021,EpiFilter
0.383,1.4184091981373267e-36,NZ COVID Aug 2021,EpiFilter
0.384,1.0403313061835968e-36,NZ COVID Aug 2021,EpiFilter
0.385,7.634431011334346e-37,NZ COVID Aug 2021,EpiFilter
0.38599999999999995,5.605532347589358e-37,NZ COVID Aug 2021,EpiFilter
0.387,4.11805858059177e-37,NZ COVID Aug 2021,EpiFilter
0.388,3.0269407548212535e-37,NZ COVID Aug 2021,EpiFilter
0.389,2.2261341130810548e-37,NZ COVID Aug 2021,EpiFilter
0.39,1.6380795140536532e-37,NZ COVID Aug 2021,EpiFilter
0.39099999999999996,1.2060216847764205e-37,NZ COVID Aug 2021,EpiFilter
0.392,8.884069708524336e-38,NZ COVID Aug 2021,EpiFilter
0.39299999999999996,6.5479553367975e-38,NZ COVID Aug 2021,EpiFilter
0.394,4.828770480219233e-38,NZ COVID Aug 2021,EpiFilter
0.395,3.562908773423301e-38,NZ COVID Aug 2021,EpiFilter
0.396,2.6303303449695833e-38,NZ COVID Aug 2021,EpiFilter
0.397,1.9429136394674213e-38,NZ COVID Aug 2021,EpiFilter
0.39799999999999996,1.4359339105253472e-38,NZ COVID Aug 2021,EpiFilter
0.399,1.0618258425858798e-38,NZ COVID Aug 2021,EpiFilter
0.39999999999999997,7.856156643412053e-39,NZ COVID Aug 2021,EpiFilter
0.401,5.815741432301677e-39,NZ COVID Aug 2021,EpiFilter
0.402,4.307628614390984e-39,NZ COVID Aug 2021,EpiFilter
0.40299999999999997,3.1923441922903415e-39,NZ COVID Aug 2021,EpiFilter
0.404,2.3671159591377676e-39,NZ COVID Aug 2021,EpiFilter
0.40499999999999997,1.756174982084196e-39,NZ COVID Aug 2021,EpiFilter
0.406,1.3036305192150883e-39,NZ COVID Aug 2021,EpiFilter
0.407,9.682327612844203e-40,NZ COVID Aug 2021,EpiFilter
0.408,7.195211738619937e-40,NZ COVID Aug 2021,EpiFilter
0.40900000000000003,5.349903576084924e-40,NZ COVID Aug 2021,EpiFilter
0.41,3.980035171735422e-40,NZ COVID Aug 2021,EpiFilter
0.41100000000000003,2.9625551494952362e-40,NZ COVID Aug 2021,EpiFilter
0.412,2.2064015024033995e-40,NZ COVID Aug 2021,EpiFilter
0.413,1.644149070640341e-40,NZ COVID Aug 2021,EpiFilter
0.41400000000000003,1.2258472384351303e-40,NZ COVID Aug 2021,EpiFilter
0.415,9.144711084337342e-41,NZ COVID Aug 2021,EpiFilter
0.41600000000000004,6.82561910305046e-41,NZ COVID Aug 2021,EpiFilter
0.417,5.097444126417007e-41,NZ COVID Aug 2021,EpiFilter
0.418,3.808914245353235e-41,NZ COVID Aug 2021,EpiFilter
0.419,2.8476599937597983e-41,NZ COVID Aug 2021,EpiFilter
0.42,2.1301648020463218e-41,NZ COVID Aug 2021,EpiFilter
0.42100000000000004,1.5943229965111372e-41,NZ COVID Aug 2021,EpiFilter
0.422,1.193925829757111e-41,NZ COVID Aug 2021,EpiFilter
0.42300000000000004,8.945738609118074e-42,NZ COVID Aug 2021,EpiFilter
0.424,6.706451027238008e-42,NZ COVID Aug 2021,EpiFilter
0.425,5.030450486942133e-42,NZ COVID Aug 2021,EpiFilter
0.426,3.775360518922825e-42,NZ COVID Aug 2021,EpiFilter
0.427,2.8349621508219842e-42,NZ COVID Aug 2021,EpiFilter
0.42800000000000005,2.1299687447824365e-42,NZ COVID Aug 2021,EpiFilter
0.429,1.601165282962125e-42,NZ COVID Aug 2021,EpiFilter
0.43,1.204303362486673e-42,NZ COVID Aug 2021,EpiFilter
0.431,9.063005751489448e-43,NZ COVID Aug 2021,EpiFilter
0.432,6.8240947900551764e-43,NZ COVID Aug 2021,EpiFilter
0.43300000000000005,5.141076814482665e-43,NZ COVID Aug 2021,EpiFilter
0.434,3.875245164775703e-43,NZ COVID Aug 2021,EpiFilter
0.435,2.9226722462127725e-43,NZ COVID Aug 2021,EpiFilter
0.436,2.2054472631366287e-43,NZ COVID Aug 2021,EpiFilter
0.437,1.665131930208247e-43,NZ COVID Aug 2021,EpiFilter
0.438,1.2578701276503442e-43,NZ COVID Aug 2021,EpiFilter
0.439,9.50731554208113e-44,NZ COVID Aug 2021,EpiFilter
0.44,7.189765456559012e-44,NZ COVID Aug 2021,EpiFilter
0.441,5.440088969273039e-44,NZ COVID Aug 2021,EpiFilter
0.442,4.1184281475779316e-44,NZ COVID Aug 2021,EpiFilter
0.443,3.119542722236277e-44,NZ COVID Aug 2021,EpiFilter
0.444,2.3641992234759673e-44,NZ COVID Aug 2021,EpiFilter
0.44499999999999995,1.7927123926549562e-44,NZ COVID Aug 2021,EpiFilter
0.446,1.3600983445323004e-44,NZ COVID Aug 2021,EpiFilter
0.447,1.0324353398330332e-44,NZ COVID Aug 2021,EpiFilter
0.448,7.841298414664359e-45,NZ COVID Aug 2021,EpiFilter
0.449,5.958615729966685e-45,NZ COVID Aug 2021,EpiFilter
0.44999999999999996,4.530381266134968e-45,NZ COVID Aug 2021,EpiFilter
0.451,3.446321578324848e-45,NZ COVID Aug 2021,EpiFilter
0.45199999999999996,2.6230599007360432e-45,NZ COVID Aug 2021,EpiFilter
0.453,1.9975224300651234e-45,NZ COVID Aug 2021,EpiFilter
0.454,1.5219691446048547e-45,NZ COVID Aug 2021,EpiFilter
0.455,1.1602469425748472e-45,NZ COVID Aug 2021,EpiFilter
0.456,8.84962949384675e-46,NZ COVID Aug 2021,EpiFilter
0.45699999999999996,6.753508959187927e-46,NZ COVID Aug 2021,EpiFilter
0.458,5.156597907982987e-46,NZ COVID Aug 2021,EpiFilter
0.459,3.939363957857213e-46,NZ COVID Aug 2021,EpiFilter
0.46,3.0110477881963797e-46,NZ COVID Aug 2021,EpiFilter
0.461,2.3027009367896477e-46,NZ COVID Aug 2021,EpiFilter
0.46199999999999997,1.7619168835221433e-46,NZ COVID Aug 2021,EpiFilter
0.463,1.348841515244065e-46,NZ COVID Aug 2021,EpiFilter
0.46399999999999997,1.033150743301895e-46,NZ COVID Aug 2021,EpiFilter
0.465,7.917596231542421e-47,NZ COVID Aug 2021,EpiFilter
0.466,6.070850296740498e-47,NZ COVID Aug 2021,EpiFilter
0.46699999999999997,4.657274462924272e-47,NZ COVID Aug 2021,EpiFilter
0.468,3.574702422010934e-47,NZ COVID Aug 2021,EpiFilter
0.469,2.745195781147449e-47,NZ COVID Aug 2021,EpiFilter
0.47000000000000003,2.109267818880679e-47,NZ COVID Aug 2021,EpiFilter
0.471,1.6214916327211615e-47,NZ COVID Aug 2021,EpiFilter
0.472,1.247159159818125e-47,NZ COVID Aug 2021,EpiFilter
0.47300000000000003,9.597383116131138e-48,NZ COVID Aug 2021,EpiFilter
0.474,7.389365690585716e-48,NZ COVID Aug 2021,EpiFilter
0.47500000000000003,5.69225643623541e-48,NZ COVID Aug 2021,EpiFilter
0.476,4.387168462539451e-48,NZ COVID Aug 2021,EpiFilter
0.477,3.383033574675822e-48,NZ COVID Aug 2021,EpiFilter
0.478,2.6100572238686908e-48,NZ COVID Aug 2021,EpiFilter
0.479,2.0147216503543692e-48,NZ COVID Aug 2021,EpiFilter
0.48000000000000004,1.555969059412384e-48,NZ COVID Aug 2021,EpiFilter
0.481,1.2022846763678629e-48,NZ COVID Aug 2021,EpiFilter
0.482,9.294663870146455e-49,NZ COVID Aug 2021,EpiFilter
0.483,7.189184912435038e-49,NZ COVID Aug 2021,EpiFilter
0.484,5.5634574740055066e-49,NZ COVID Aug 2021,EpiFilter
0.48500000000000004,4.30753292603624e-49,NZ COVID Aug 2021,EpiFilter
0.486,3.3368041142456767e-49,NZ COVID Aug 2021,EpiFilter
0.48700000000000004,2.5861317644446765e-49,NZ COVID Aug 2021,EpiFilter
0.488,2.0053397770902642e-49,NZ COVID Aug 2021,EpiFilter
0.489,1.5557586453281594e-49,NZ COVID Aug 2021,EpiFilter
0.49,1.2075717969211117e-49,NZ COVID Aug 2021,EpiFilter
0.491,9.377773307421217e-50,NZ COVID Aug 2021,EpiFilter
0.49200000000000005,7.286216532092718e-50,NZ COVID Aug 2021,EpiFilter
0.493,5.663951598815342e-50,NZ COVID Aug 2021,EpiFilter
0.494,4.405058191915079e-50,NZ COVID Aug 2021,EpiFilter
0.495,3.427661770159853e-50,NZ COVID Aug 2021,EpiFilter
0.496,2.6684434365531813e-50,NZ COVID Aug 2021,EpiFilter
0.497,2.078410395086787e-50,NZ COVID Aug 2021,EpiFilter
0.498,1.6196359415363854e-50,NZ COVID Aug 2021,EpiFilter
0.499,1.2627455037761938e-50,NZ COVID Aug 2021,EpiFilter
0.5,9.849770447347089e-51,NZ COVID Aug 2021,EpiFilter
0.501,7.686838685348238e-51,NZ COVID Aug 2021,EpiFilter
0.502,6.00178355266885e-51,NZ COVID Aug 2021,EpiFilter
0.503,4.6883855391904644e-51,NZ COVID Aug 2021,EpiFilter
0.504,3.6641753973785033e-51,NZ COVID Aug 2021,EpiFilter
0.505,2.8650925707280646e-51,NZ COVID Aug 2021,EpiFilter
0.506,2.2413519030164596e-51,NZ COVID Aug 2021,EpiFilter
0.507,1.754243758366955e-51,NZ COVID Aug 2021,EpiFilter
0.508,1.3736555618366766e-51,NZ COVID Aug 2021,EpiFilter
0.509,1.076151186238198e-51,NZ COVID Aug 2021,EpiFilter
0.5099999999999999,8.434819080694868e-52,NZ COVID Aug 2021,EpiFilter
0.511,6.614314013552445e-52,NZ COVID Aug 2021,EpiFilter
0.512,5.1891940390716464e-52,NZ COVID Aug 2021,EpiFilter
0.513,4.073057907460303e-52,NZ COVID Aug 2021,EpiFilter
0.514,3.198499879359803e-52,NZ COVID Aug 2021,EpiFilter
0.5149999999999999,2.5129085216329013e-52,NZ COVID Aug 2021,EpiFilter
0.516,1.9752001551230935e-52,NZ COVID Aug 2021,EpiFilter
0.517,1.5532778123038901e-52,NZ COVID Aug 2021,EpiFilter
0.518,1.2220536290571589e-52,NZ COVID Aug 2021,EpiFilter
0.519,9.61909009559896e-53,NZ COVID Aug 2021,EpiFilter
0.5199999999999999,7.574950901356579e-53,NZ COVID Aug 2021,EpiFilter
0.521,5.967978564508241e-53,NZ COVID Aug 2021,EpiFilter
0.522,4.704091808736743e-53,NZ COVID Aug 2021,EpiFilter
0.523,3.709581565803644e-53,NZ COVID Aug 2021,EpiFilter
0.524,2.926672718465073e-53,NZ COVID Aug 2021,EpiFilter
0.5249999999999999,2.31005856272142e-53,NZ COVID Aug 2021,EpiFilter
0.526,1.8241935396859164e-53,NZ COVID Aug 2021,EpiFilter
0.527,1.441177341618312e-53,NZ COVID Aug 2021,EpiFilter
0.528,1.1391004450559613e-53,NZ COVID Aug 2021,EpiFilter
0.5289999999999999,9.007498454664475e-54,NZ COVID Aug 2021,EpiFilter
0.5299999999999999,7.125961044523808e-54,NZ COVID Aug 2021,EpiFilter
0.531,5.640001999177625e-54,NZ COVID Aug 2021,EpiFilter
0.532,4.465921979939288e-54,NZ COVID Aug 2021,EpiFilter
0.533,3.5378430126408284e-54,NZ COVID Aug 2021,EpiFilter
0.5339999999999999,2.803890366525436e-54,NZ COVID Aug 2021,EpiFilter
0.535,2.2231974513110043e-54,NZ COVID Aug 2021,EpiFilter
0.536,1.7635552554927487e-54,NZ COVID Aug 2021,EpiFilter
0.537,1.3995667831095433e-54,NZ COVID Aug 2021,EpiFilter
0.538,1.1111973371521024e-54,NZ COVID Aug 2021,EpiFilter
0.5389999999999999,8.826352310043732e-55,NZ COVID Aug 2021,EpiFilter
0.54,7.013960518268344e-55,NZ COVID Aug 2021,EpiFilter
0.541,5.5761809334376925e-55,NZ COVID Aug 2021,EpiFilter
0.542,4.435079094682211e-55,NZ COVID Aug 2021,EpiFilter
0.543,3.529038072690392e-55,NZ COVID Aug 2021,EpiFilter
0.5439999999999999,2.809320381555675e-55,NZ COVID Aug 2021,EpiFilter
0.545,2.237358807825617e-55,NZ COVID Aug 2021,EpiFilter
0.546,1.782620667787386e-55,NZ COVID Aug 2021,EpiFilter
0.547,1.420923372924653e-55,NZ COVID Aug 2021,EpiFilter
0.5479999999999999,1.1331053486521514e-55,NZ COVID Aug 2021,EpiFilter
0.5489999999999999,9.039768769206798e-56,NZ COVID Aug 2021,EpiFilter
0.55,7.214915418434424e-56,NZ COVID Aug 2021,EpiFilter
0.551,5.760916053733828e-56,NZ COVID Aug 2021,EpiFilter
0.552,4.601905749644053e-56,NZ COVID Aug 2021,EpiFilter
0.5529999999999999,3.6776403261020423e-56,NZ COVID Aug 2021,EpiFilter
0.5539999999999999,2.9402593283916364e-56,NZ COVID Aug 2021,EpiFilter
0.555,2.351724052480368e-56,NZ COVID Aug 2021,EpiFilter
0.556,1.881788962538907e-56,NZ COVID Aug 2021,EpiFilter
0.557,1.5063947555910976e-56,NZ COVID Aug 2021,EpiFilter
0.5579999999999999,1.206394883116414e-56,NZ COVID Aug 2021,EpiFilter
0.5589999999999999,9.66545899058028e-57,NZ COVID Aug 2021,EpiFilter
0.56,7.747066335514738e-57,NZ COVID Aug 2021,EpiFilter
0.561,6.212027289902914e-57,NZ COVID Aug 2021,EpiFilter
0.562,4.983221773608265e-57,NZ COVID Aug 2021,EpiFilter
0.563,3.999146821980822e-57,NZ COVID Aug 2021,EpiFilter
0.564,3.210733415305398e-57,NZ COVID Aug 2021,EpiFilter
0.5650000000000001,2.57881629706264e-57,NZ COVID Aug 2021,EpiFilter
0.5660000000000001,2.072121977898503e-57,NZ COVID Aug 2021,EpiFilter
0.567,1.6656681251037589e-57,NZ COVID Aug 2021,EpiFilter
0.568,1.3394896875426863e-57,NZ COVID Aug 2021,EpiFilter
0.569,1.0776246335404174e-57,NZ COVID Aug 2021,EpiFilter
0.5700000000000001,8.673060552849422e-58,NZ COVID Aug 2021,EpiFilter
0.5710000000000001,6.983183828700406e-58,NZ COVID Aug 2021,EpiFilter
0.572,5.6248415847710986e-58,NZ COVID Aug 2021,EpiFilter
0.573,4.5325472319424275e-58,NZ COVID Aug 2021,EpiFilter
0.574,3.653836421358011e-58,NZ COVID Aug 2021,EpiFilter
0.5750000000000001,2.9466603562696097e-58,NZ COVID Aug 2021,EpiFilter
0.5760000000000001,2.377304302420269e-58,NZ COVID Aug 2021,EpiFilter
0.577,1.91872479682556e-58,NZ COVID Aug 2021,EpiFilter
0.578,1.5492207881477714e-58,NZ COVID Aug 2021,EpiFilter
0.579,1.2513712127798412e-58,NZ COVID Aug 2021,EpiFilter
0.5800000000000001,1.011185240253263e-58,NZ COVID Aug 2021,EpiFilter
0.581,8.174223410156156e-59,NZ COVID Aug 2021,EpiFilter
0.582,6.6104801731906875e-59,NZ COVID Aug 2021,EpiFilter
0.583,5.347979530196446e-59,NZ COVID Aug 2021,EpiFilter
0.584,4.328288444772025e-59,NZ COVID Aug 2021,EpiFilter
0.5850000000000001,3.5043856111558172e-59,NZ COVID Aug 2021,EpiFilter
0.586,2.838417799254637e-59,NZ COVID Aug 2021,EpiFilter
0.587,2.299900251148629e-59,NZ COVID Aug 2021,EpiFilter
0.588,1.8642726694496039e-59,NZ COVID Aug 2021,EpiFilter
0.589,1.5117400738260356e-59,NZ COVID Aug 2021,EpiFilter
0.5900000000000001,1.2263419592257193e-59,NZ COVID Aug 2021,EpiFilter
0.591,9.952044945402147e-60,NZ COVID Aug 2021,EpiFilter
0.592,8.079395318134878e-60,NZ COVID Aug 2021,EpiFilter
0.593,6.561614137655341e-60,NZ COVID Aug 2021,EpiFilter
0.594,5.330983380140879e-60,NZ COVID Aug 2021,EpiFilter
0.5950000000000001,4.3327965179943284e-60,NZ COVID Aug 2021,EpiFilter
0.596,3.5228414400774566e-60,NZ COVID Aug 2021,EpiFilter
0.597,2.8653735736878834e-60,NZ COVID Aug 2021,EpiFilter
0.598,2.331483108377683e-60,NZ COVID Aug 2021,EpiFilter
0.5990000000000001,1.897779184607773e-60,NZ COVID Aug 2021,EpiFilter
0.6,1.5453291070473292e-60,NZ COVID Aug 2021,EpiFilter
0.601,1.2588028258912698e-60,NZ COVID Aug 2021,EpiFilter
0.602,1.0257827010673248e-60,NZ COVID Aug 2021,EpiFilter
0.603,8.362064043688401e-61,NZ COVID Aug 2021,EpiFilter
0.6040000000000001,6.819171073469179e-61,NZ COVID Aug 2021,EpiFilter
0.605,5.5630015579036916e-61,NZ COVID Aug 2021,EpiFilter
0.606,4.5398949047337945e-61,NZ COVID Aug 2021,EpiFilter
0.607,3.706303355430452e-61,NZ COVID Aug 2021,EpiFilter
0.608,3.0268729788385414e-61,NZ COVID Aug 2021,EpiFilter
0.6090000000000001,2.4728912946185507e-61,NZ COVID Aug 2021,EpiFilter
0.61,2.021031010156913e-61,NZ COVID Aug 2021,EpiFilter
0.611,1.6523330076703625e-61,NZ COVID Aug 2021,EpiFilter
0.612,1.3513827102695865e-61,NZ COVID Aug 2021,EpiFilter
0.613,1.1056428090894914e-61,NZ COVID Aug 2021,EpiFilter
0.6140000000000001,9.0491246706725e-62,NZ COVID Aug 2021,EpiFilter
0.615,7.408888645666118e-62,NZ COVID Aug 2021,EpiFilter
0.616,6.06811588370193e-62,NZ COVID Aug 2021,EpiFilter
0.617,4.971741052257541e-62,NZ COVID Aug 2021,EpiFilter
0.618,4.0748957893058915e-62,NZ COVID Aug 2021,EpiFilter
0.619,3.3410072594004446e-62,NZ COVID Aug 2021,EpiFilter
0.62,2.7402537171952245e-62,NZ COVID Aug 2021,EpiFilter
0.621,2.248309592155805e-62,NZ COVID Aug 2021,EpiFilter
0.622,1.8453254511066284e-62,NZ COVID Aug 2021,EpiFilter
0.623,1.5150985778531487e-62,NZ COVID Aug 2021,EpiFilter
0.624,1.2443983057344861e-62,NZ COVID Aug 2021,EpiFilter
0.625,1.0224170321995137e-62,NZ COVID Aug 2021,EpiFilter
0.626,8.403233424287741e-63,NZ COVID Aug 2021,EpiFilter
0.627,6.908981201822135e-63,NZ COVID Aug 2021,EpiFilter
0.628,5.682381291901364e-63,NZ COVID Aug 2021,EpiFilter
0.629,4.675144692673706e-63,NZ COVID Aug 2021,EpiFilter
0.63,3.8477567873709236e-63,NZ COVID Aug 2021,EpiFilter
0.631,3.16787174178116e-63,NZ COVID Aug 2021,EpiFilter
0.632,2.609002753713248e-63,NZ COVID Aug 2021,EpiFilter
0.633,2.149453265023074e-63,NZ COVID Aug 2021,EpiFilter
0.634,1.7714444995895998e-63,NZ COVID Aug 2021,EpiFilter
0.635,1.4604030154614054e-63,NZ COVID Aug 2021,EpiFilter
0.636,1.204378721328323e-63,NZ COVID Aug 2021,EpiFilter
0.637,9.935693014636229e-64,NZ COVID Aug 2021,EpiFilter
0.6379999999999999,8.199314592880241e-64,NZ COVID Aug 2021,EpiFilter
0.639,6.768630206880809e-64,NZ COVID Aug 2021,EpiFilter
0.64,5.589428918791005e-64,NZ COVID Aug 2021,EpiFilter
0.641,4.617182698058614e-64,NZ COVID Aug 2021,EpiFilter
0.642,3.81530459215077e-64,NZ COVID Aug 2021,EpiFilter
0.6429999999999999,3.1537224333099184e-64,NZ COVID Aug 2021,EpiFilter
0.644,2.6077105242225017e-64,NZ COVID Aug 2021,EpiFilter
0.645,2.156932316550982e-64,NZ COVID Aug 2021,EpiFilter
0.646,1.78465571273387e-64,NZ COVID Aug 2021,EpiFilter
0.647,1.4771096469964482e-64,NZ COVID Aug 2021,EpiFilter
0.6479999999999999,1.2229563319957336e-64,NZ COVID Aug 2021,EpiFilter
0.649,1.0128582331722142e-64,NZ COVID Aug 2021,EpiFilter
0.65,8.391226491898747e-65,NZ COVID Aug 2021,EpiFilter
0.651,6.9540989287356986e-65,NZ COVID Aug 2021,EpiFilter
0.6519999999999999,5.764936120906998e-65,NZ COVID Aug 2021,EpiFilter
0.6529999999999999,4.780638694151154e-65,NZ COVID Aug 2021,EpiFilter
0.654,3.965652989944588e-65,NZ COVID Aug 2021,EpiFilter
0.655,3.2906404855445148e-65,NZ COVID Aug 2021,EpiFilter
0.656,2.7313835096947496e-65,NZ COVID Aug 2021,EpiFilter
0.6569999999999999,2.267884995960981e-65,NZ COVID Aug 2021,EpiFilter
0.658,1.8836276254826145e-65,NZ COVID Aug 2021,EpiFilter
0.659,1.5649639407017498e-65,NZ COVID Aug 2021,EpiFilter
0.66,1.3006141137681255e-65,NZ COVID Aug 2021,EpiFilter
0.661,1.0812522330648836e-65,NZ COVID Aug 2021,EpiFilter
0.6619999999999999,8.991653966717723e-66,NZ COVID Aug 2021,EpiFilter
0.663,7.479727095653097e-66,NZ COVID Aug 2021,EpiFilter
0.664,6.223935840996612e-66,NZ COVID Aug 2021,EpiFilter
0.665,5.180566321776904e-66,NZ COVID Aug 2021,EpiFilter
0.666,4.3134198758532315e-66,NZ COVID Aug 2021,EpiFilter
0.6669999999999999,3.592511692635131e-66,NZ COVID Aug 2021,EpiFilter
0.668,2.99299641013261e-66,NZ COVID Aug 2021,EpiFilter
0.669,2.494280812622251e-66,NZ COVID Aug 2021,EpiFilter
0.67,2.0792908156085104e-66,NZ COVID Aug 2021,EpiFilter
0.6709999999999999,1.7338657199366922e-66,NZ COVID Aug 2021,EpiFilter
0.6719999999999999,1.4462574812899052e-66,NZ COVID Aug 2021,EpiFilter
0.673,1.2067166598372154e-66,NZ COVID Aug 2021,EpiFilter
0.674,1.0071499384444039e-66,NZ COVID Aug 2021,EpiFilter
0.675,8.408367509565695e-67,NZ COVID Aug 2021,EpiFilter
0.6759999999999999,7.021947459563496e-67,NZ COVID Aug 2021,EpiFilter
0.6769999999999999,5.865856099757168e-67,NZ COVID Aug 2021,EpiFilter
0.678,4.9015425555408324e-67,NZ COVID Aug 2021,EpiFilter
0.679,4.0969560031888725e-67,NZ COVID Aug 2021,EpiFilter
0.68,3.4254416945726935e-67,NZ COVID Aug 2021,EpiFilter
0.6809999999999999,2.8648258359004923e-67,NZ COVID Aug 2021,EpiFilter
0.6819999999999999,2.3966567830905145e-67,NZ COVID Aug 2021,EpiFilter
0.683,2.0055756618630307e-67,NZ COVID Aug 2021,EpiFilter
0.684,1.6787941796036434e-67,NZ COVID Aug 2021,EpiFilter
0.685,1.4056612422680889e-67,NZ COVID Aug 2021,EpiFilter
0.6859999999999999,1.1773031657914289e-67,NZ COVID Aug 2021,EpiFilter
0.6869999999999999,9.863248952105884e-68,NZ COVID Aug 2021,EpiFilter
0.6880000000000001,8.26561812549157e-68,NZ COVID Aug 2021,EpiFilter
0.6890000000000001,6.9287350657478596e-68,NZ COVID Aug 2021,EpiFilter
0.69,5.809723590339341e-68,NZ COVID Aug 2021,EpiFilter
0.691,4.872810273774878e-68,NZ COVID Aug 2021,EpiFilter
0.692,4.088139176979418e-68,NZ COVID Aug 2021,EpiFilter
0.6930000000000001,3.430785805753325e-68,NZ COVID Aug 2021,EpiFilter
0.6940000000000001,2.87993656960335e-68,NZ COVID Aug 2021,EpiFilter
0.695,2.4182057632311554e-68,NZ COVID Aug 2021,EpiFilter
0.696,2.0310668560437637e-68,NZ COVID Aug 2021,EpiFilter
0.697,1.7063788217693797e-68,NZ COVID Aug 2021,EpiFilter
0.6980000000000001,1.433991511164879e-68,NZ COVID Aug 2021,EpiFilter
0.6990000000000001,1.2054167825738576e-68,NZ COVID Aug 2021,EpiFilter
0.7,1.0135543539680137e-68,NZ COVID Aug 2021,EpiFilter
0.701,8.524632055291957e-69,NZ COVID Aug 2021,EpiFilter
0.702,7.171709098201467e-69,NZ COVID Aug 2021,EpiFilter
0.7030000000000001,6.035145513742733e-69,NZ COVID Aug 2021,EpiFilter
0.7040000000000001,5.080079643172364e-69,NZ COVID Aug 2021,EpiFilter
0.705,4.27730902529756e-69,NZ COVID Aug 2021,EpiFilter
0.706,3.602364928780271e-69,NZ COVID Aug 2021,EpiFilter
0.707,3.0347393363526604e-69,NZ COVID Aug 2021,EpiFilter
0.7080000000000001,2.557239085804401e-69,NZ COVID Aug 2021,EpiFilter
0.709,2.1554460998284514e-69,NZ COVID Aug 2021,EpiFilter
0.71,1.8172661523639514e-69,NZ COVID Aug 2021,EpiFilter
0.711,1.5325515438737388e-69,NZ COVID Aug 2021,EpiFilter
0.712,1.2927854920829418e-69,NZ COVID Aug 2021,EpiFilter
0.7130000000000001,1.0908180707505382e-69,NZ COVID Aug 2021,EpiFilter
0.714,9.206452161246957e-70,NZ COVID Aug 2021,EpiFilter
0.715,7.772237258902802e-70,NZ COVID Aug 2021,EpiFilter
0.716,6.56316346064955e-70,NZ COVID Aug 2021,EpiFilter
0.717,5.543620168993976e-70,NZ COVID Aug 2021,EpiFilter
0.7180000000000001,4.6836716209556584e-70,NZ COVID Aug 2021,EpiFilter
0.719,3.9581458374861804e-70,NZ COVID Aug 2021,EpiFilter
0.72,3.345870910437768e-70,NZ COVID Aug 2021,EpiFilter
0.721,2.829034625842992e-70,NZ COVID Aug 2021,EpiFilter
0.7220000000000001,2.3926473602680953e-70,NZ COVID Aug 2021,EpiFilter
0.7230000000000001,2.024091474259753e-70,NZ COVID Aug 2021,EpiFilter
0.724,1.7127431715802256e-70,NZ COVID Aug 2021,EpiFilter
0.725,1.449655085534494e-70,NZ COVID Aug 2021,EpiFilter
0.726,1.2272897688972835e-70,NZ COVID Aug 2021,EpiFilter
0.7270000000000001,1.0392958645043734e-70,NZ COVID Aug 2021,EpiFilter
0.728,8.80320071508505e-71,NZ COVID Aug 2021,EpiFilter
0.729,7.45849140945027e-71,NZ COVID Aug 2021,EpiFilter
0.73,6.320770698635685e-71,NZ COVID Aug 2021,EpiFilter
0.731,5.357934460251131e-71,NZ COVID Aug 2021,EpiFilter
0.7320000000000001,4.542895501364379e-71,NZ COVID Aug 2021,EpiFilter
0.733,3.8527937083612224e-71,NZ COVID Aug 2021,EpiFilter
0.734,3.268331467117444e-71,NZ COVID Aug 2021,EpiFilter
0.735,2.773214340192876e-71,NZ COVID Aug 2021,EpiFilter
0.736,2.3536802084485344e-71,NZ COVID Aug 2021,EpiFilter
0.7370000000000001,1.9981027828797775e-71,NZ COVID Aug 2021,EpiFilter
0.738,1.696657654208086e-71,NZ COVID Aug 2021,EpiFilter
0.739,1.4410409439997909e-71,NZ COVID Aug 2021,EpiFilter
0.74,1.224232211218225e-71,NZ COVID Aug 2021,EpiFilter
0.741,1.0402946019584576e-71,NZ COVID Aug 2021,EpiFilter
0.742,8.842063492439405e-72,NZ COVID Aug 2021,EpiFilter
0.743,7.517186690443038e-72,NZ COVID Aug 2021,EpiFilter
0.744,6.39235887110726e-72,NZ COVID Aug 2021,EpiFilter
0.745,5.437142933403514e-72,NZ COVID Aug 2021,EpiFilter
0.746,4.625767764315501e-72,NZ COVID Aug 2021,EpiFilter
0.747,3.936407588038048e-72,NZ COVID Aug 2021,EpiFilter
0.748,3.3505734433969053e-72,NZ COVID Aug 2021,EpiFilter
0.749,2.8525992149436186e-72,NZ COVID Aug 2021,EpiFilter
0.75,2.4292074180058917e-72,NZ COVID Aug 2021,EpiFilter
0.751,2.0691422710141388e-72,NZ COVID Aug 2021,EpiFilter
0.752,1.7628595515558798e-72,NZ COVID Aug 2021,EpiFilter
0.753,1.5022643839863117e-72,NZ COVID Aug 2021,EpiFilter
0.754,1.280489496523067e-72,NZ COVID Aug 2021,EpiFilter
0.755,1.0917076558990382e-72,NZ COVID Aug 2021,EpiFilter
0.756,9.309729729869164e-73,NZ COVID Aug 2021,EpiFilter
0.757,7.940866027581008e-73,NZ COVID Aug 2021,EpiFilter
0.758,6.774830610995916e-73,NZ COVID Aug 2021,EpiFilter
0.759,5.781339702448775e-73,NZ COVID Aug 2021,EpiFilter
0.76,4.9346654118816613e-73,NZ COVID Aug 2021,EpiFilter
0.7609999999999999,4.21294520171231e-73,NZ COVID Aug 2021,EpiFilter
0.762,3.5975967945409384e-73,NZ COVID Aug 2021,EpiFilter
0.763,3.072822304232559e-73,NZ COVID Aug 2021,EpiFilter
0.764,2.6251878840166092e-73,NZ COVID Aug 2021,EpiFilter
0.765,2.243267306306271e-73,NZ COVID Aug 2021,EpiFilter
0.7659999999999999,1.9173396790007053e-73,NZ COVID Aug 2021,EpiFilter
0.767,1.6391330150088032e-73,NZ COVID Aug 2021,EpiFilter
0.768,1.4016066481857709e-73,NZ COVID Aug 2021,EpiFilter
0.769,1.1987665675334464e-73,NZ COVID Aug 2021,EpiFilter
0.77,1.025508652690548e-73,NZ COVID Aug 2021,EpiFilter
0.7709999999999999,8.774855640112992e-74,NZ COVID Aug 2021,EpiFilter
0.772,7.509936915854239e-74,NZ COVID Aug 2021,EpiFilter
0.773,6.428771181283762e-74,NZ COVID Aug 2021,EpiFilter
0.774,5.504460162856754e-74,NZ COVID Aug 2021,EpiFilter
0.775,4.714072948553757e-74,NZ COVID Aug 2021,EpiFilter
0.7759999999999999,4.038056417209927e-74,NZ COVID Aug 2021,EpiFilter
0.777,3.459733934433787e-74,NZ COVID Aug 2021,EpiFilter
0.778,2.9648790027803698e-74,NZ COVID Aug 2021,EpiFilter
0.779,2.5413525763416644e-74,NZ COVID Aug 2021,EpiFilter
0.7799999999999999,2.1787944628809232e-74,NZ COVID Aug 2021,EpiFilter
0.7809999999999999,1.8683606878022613e-74,NZ COVID Aug 2021,EpiFilter
0.782,1.602499923891163e-74,NZ COVID Aug 2021,EpiFilter
0.783,1.3747631330748026e-74,NZ COVID Aug 2021,EpiFilter
0.784,1.1796414499647639e-74,NZ COVID Aug 2021,EpiFilter
0.7849999999999999,1.0124280862313765e-74,NZ COVID Aug 2021,EpiFilter
0.786,8.691006703122136e-75,NZ COVID Aug 2021,EpiFilter
0.787,7.462209760948834e-75,NZ COVID Aug 2021,EpiFilter
0.788,6.40849451632474e-75,NZ COVID Aug 2021,EpiFilter
0.789,5.50472347277306e-75,NZ COVID Aug 2021,EpiFilter
0.7899999999999999,4.729395721768249e-75,NZ COVID Aug 2021,EpiFilter
0.791,4.0641168800783096e-75,NZ COVID Aug 2021,EpiFilter
0.792,3.4931468650750403e-75,NZ COVID Aug 2021,EpiFilter
0.793,3.0030139932584684e-75,NZ COVID Aug 2021,EpiFilter
0.794,2.582185603035283e-75,NZ COVID Aug 2021,EpiFilter
0.7949999999999999,2.220786861118632e-75,NZ COVID Aug 2021,EpiFilter
0.796,1.9103606518306051e-75,NZ COVID Aug 2021,EpiFilter
0.797,1.643662502513896e-75,NZ COVID Aug 2021,EpiFilter
0.798,1.4144853948764552e-75,NZ COVID Aug 2021,EpiFilter
0.7989999999999999,1.2175100747008345e-75,NZ COVID Aug 2021,EpiFilter
0.7999999999999999,1.0481771211726841e-75,NZ COVID Aug 2021,EpiFilter
0.801,9.025775893540317e-76,NZ COVID Aug 2021,EpiFilter
0.802,7.77359509352242e-76,NZ COVID Aug 2021,EpiFilter
0.803,6.696479259468218e-76,NZ COVID Aug 2021,EpiFilter
0.8039999999999999,5.769765032808655e-76,NZ COVID Aug 2021,EpiFilter
0.8049999999999999,4.972290095092102e-76,NZ COVID Aug 2021,EpiFilter
0.806,4.285892436286199e-76,NZ COVID Aug 2021,EpiFilter
0.807,3.6949817749937446e-76,NZ COVID Aug 2021,EpiFilter
0.808,3.18617265685065e-76,NZ COVID Aug 2021,EpiFilter
0.8089999999999999,2.7479702891659698e-76,NZ COVID Aug 2021,EpiFilter
0.8099999999999999,2.370501475525715e-76,NZ COVID Aug 2021,EpiFilter
0.811,2.0452841281887096e-76,NZ COVID Aug 2021,EpiFilter
0.812,1.7650297860107627e-76,NZ COVID Aug 2021,EpiFilter
0.813,1.5234743765910134e-76,NZ COVID Aug 2021,EpiFilter
0.814,1.3152331531431718e-76,NZ COVID Aug 2021,EpiFilter
0.815,1.1356763272624202e-76,NZ COVID Aug 2021,EpiFilter
0.8160000000000001,9.808224230672292e-77,NZ COVID Aug 2021,EpiFilter
0.8170000000000001,8.472468088415449e-77,NZ COVID Aug 2021,EpiFilter
0.818,7.320032301389503e-77,NZ COVID Aug 2021,EpiFilter
0.819,6.325564826245815e-77,NZ COVID Aug 2021,EpiFilter
0.82,5.467246314292984e-77,NZ COVID Aug 2021,EpiFilter
0.8210000000000001,4.7262941337434666e-77,NZ COVID Aug 2021,EpiFilter
0.8220000000000001,4.086536546076429e-77,NZ COVID Aug 2021,EpiFilter
0.823,3.53404703999464e-77,NZ COVID Aug 2021,EpiFilter
0.824,3.056830261319734e-77,NZ COVID Aug 2021,EpiFilter
0.825,2.6445522045559337e-77,NZ COVID Aug 2021,EpiFilter
0.8260000000000001,2.288308382149501e-77,NZ COVID Aug 2021,EpiFilter
0.8270000000000001,1.9804245861387928e-77,NZ COVID Aug 2021,EpiFilter
0.828,1.714285626177595e-77,NZ COVID Aug 2021,EpiFilter
0.829,1.4841880864275104e-77,NZ COVID Aug 2021,EpiFilter
0.83,1.2852137078388884e-77,NZ COVID Aug 2021,EpiFilter
0.8310000000000001,1.113120485215363e-77,NZ COVID Aug 2021,EpiFilter
0.832,9.642489822731072e-78,NZ COVID Aug 2021,EpiFilter
0.833,8.3544172238904e-78,NZ COVID Aug 2021,EpiFilter
0.834,7.239738165117065e-78,NZ COVID Aug 2021,EpiFilter
0.835,6.274932501382791e-78,NZ COVID Aug 2021,EpiFilter
0.8360000000000001,5.439694745007516e-78,NZ COVID Aug 2021,EpiFilter
0.837,4.716491385427208e-78,NZ COVID Aug 2021,EpiFilter
0.838,4.090179624693353e-78,NZ COVID Aug 2021,EpiFilter
0.839,3.5476789449357433e-78,NZ COVID Aug 2021,EpiFilter
0.84,3.0776881326116304e-78,NZ COVID Aug 2021,EpiFilter
0.8410000000000001,2.6704414213944647e-78,NZ COVID Aug 2021,EpiFilter
0.842,2.3174983059508275e-78,NZ COVID Aug 2021,EpiFilter
0.843,2.011562342897495e-78,NZ COVID Aug 2021,EpiFilter
0.844,1.746324911710821e-78,NZ COVID Aug 2021,EpiFilter
0.8450000000000001,1.516330471860075e-78,NZ COVID Aug 2021,EpiFilter
0.8460000000000001,1.316860336711052e-78,NZ COVID Aug 2021,EpiFilter
0.847,1.1438324006951948e-78,NZ COVID Aug 2021,EpiFilter
0.848,9.937146137758644e-79,NZ COVID Aug 2021,EpiFilter
0.849,8.634503045019707e-79,NZ COVID Aug 2021,EpiFilter
0.8500000000000001,7.503937171190173e-79,NZ COVID Aug 2021,EpiFilter
0.851,6.522543553363205e-79,NZ COVID Aug 2021,EpiFilter
0.852,5.670489207121737e-79,NZ COVID Aug 2021,EpiFilter
0.853,4.9305980165836976e-79,NZ COVID Aug 2021,EpiFilter
0.854,4.2879921360850517e-79,NZ COVID Aug 2021,EpiFilter
0.8550000000000001,3.7297821534009755e-79,NZ COVID Aug 2021,EpiFilter
0.856,3.244799334786293e-79,NZ COVID Aug 2021,EpiFilter
0.857,2.823364194033363e-79,NZ COVID Aug 2021,EpiFilter
0.858,2.457086421259121e-79,NZ COVID Aug 2021,EpiFilter
0.859,2.1386918906401843e-79,NZ COVID Aug 2021,EpiFilter
0.8600000000000001,1.861873054883561e-79,NZ COVID Aug 2021,EpiFilter
0.861,1.621159541406239e-79,NZ COVID Aug 2021,EpiFilter
0.862,1.4118062021184296e-79,NZ COVID Aug 2021,EpiFilter
0.863,1.2296962453090951e-79,NZ COVID Aug 2021,EpiFilter
0.864,1.0712574026965204e-79,NZ COVID Aug 2021,EpiFilter
0.8650000000000001,9.33389364577925e-80,NZ COVID Aug 2021,EpiFilter
0.866,8.134009573159498e-80,NZ COVID Aug 2021,EpiFilter
0.867,7.089557454917381e-80,NZ COVID Aug 2021,EpiFilter
0.868,6.1802492061600974e-80,NZ COVID Aug 2021,EpiFilter
0.869,5.3884649312646216e-80,NZ COVID Aug 2021,EpiFilter
0.87,4.698899381014678e-80,NZ COVID Aug 2021,EpiFilter
0.871,4.09825560426401e-80,NZ COVID Aug 2021,EpiFilter
0.872,3.574979447678024e-80,NZ COVID Aug 2021,EpiFilter
0.873,3.1190294165811238e-80,NZ COVID Aug 2021,EpiFilter
0.874,2.7216771524551562e-80,NZ COVID Aug 2021,EpiFilter
0.875,2.3753344239027714e-80,NZ COVID Aug 2021,EpiFilter
0.876,2.0734030817604612e-80,NZ COVID Aug 2021,EpiFilter
0.877,1.810144907763203e-80,NZ COVID Aug 2021,EpiFilter
0.878,1.580568699662596e-80,NZ COVID Aug 2021,EpiFilter
0.879,1.3803322932406633e-80,NZ COVID Aug 2021,EpiFilter
0.88,1.2056575307087136e-80,NZ COVID Aug 2021,EpiFilter
0.881,1.0532564521773157e-80,NZ COVID Aug 2021,EpiFilter
0.882,9.20267217941607e-81,NZ COVID Aug 2021,EpiFilter
0.883,8.041984692118432e-81,NZ COVID Aug 2021,EpiFilter
0.8839999999999999,7.028810078231435e-81,NZ COVID Aug 2021,EpiFilter
0.885,6.144258250411571e-81,NZ COVID Aug 2021,EpiFilter
0.886,5.3718763907209825e-81,NZ COVID Aug 2021,EpiFilter
0.887,4.697332129055131e-81,NZ COVID Aug 2021,EpiFilter
0.888,4.108138211634841e-81,NZ COVID Aug 2021,EpiFilter
0.8889999999999999,3.593413185973916e-81,NZ COVID Aug 2021,EpiFilter
0.89,3.1436733562145837e-81,NZ COVID Aug 2021,EpiFilter
0.891,2.750651892665995e-81,NZ COVID Aug 2021,EpiFilter
0.892,2.4071415252562533e-81,NZ COVID Aug 2021,EpiFilter
0.893,2.106857723383705e-81,NZ COVID Aug 2021,EpiFilter
0.8939999999999999,1.8443196745180595e-81,NZ COVID Aug 2021,EpiFilter
0.895,1.614746729044503e-81,NZ COVID Aug 2021,EpiFilter
0.896,1.413968286787575e-81,NZ COVID Aug 2021,EpiFilter
0.897,1.2383453675760124e-81,NZ COVID Aug 2021,EpiFilter
0.898,1.0847023397577243e-81,NZ COVID Aug 2021,EpiFilter
0.8989999999999999,9.502674813239747e-82,NZ COVID Aug 2021,EpiFilter
0.9,8.326212225065865e-82,NZ COVID Aug 2021,EpiFilter
0.901,7.296510698524816e-82,NZ COVID Aug 2021,EpiFilter
0.902,6.39512342865787e-82,NZ COVID Aug 2021,EpiFilter
0.9029999999999999,5.60593968186841e-82,NZ COVID Aug 2021,EpiFilter
0.9039999999999999,4.914886750329564e-82,NZ COVID Aug 2021,EpiFilter
0.905,4.309670214270053e-82,NZ COVID Aug 2021,EpiFilter
0.906,3.779547552149685e-82,NZ COVID Aug 2021,EpiFilter
0.907,3.315130785630698e-82,NZ COVID Aug 2021,EpiFilter
0.9079999999999999,2.9082144082448017e-82,NZ COVID Aug 2021,EpiFilter
0.909,2.5516253346911007e-82,NZ COVID Aug 2021,EpiFilter
0.91,2.2390920320361235e-82,NZ COVID Aug 2021,EpiFilter
0.911,1.965130362566934e-82,NZ COVID Aug 2021,EpiFilter
0.912,1.7249439886328967e-82,NZ COVID Aug 2021,EpiFilter
0.9129999999999999,1.5143374682210753e-82,NZ COVID Aug 2021,EpiFilter
0.914,1.3296404123155063e-82,NZ COVID Aug 2021,EpiFilter
0.915,1.1676412856581131e-82,NZ COVID Aug 2021,EpiFilter
0.916,1.0255296157441224e-82,NZ COVID Aug 2021,EpiFilter
0.917,9.008455342447914e-83,NZ COVID Aug 2021,EpiFilter
0.9179999999999999,7.914357136832416e-83,NZ COVID Aug 2021,EpiFilter
0.919,6.954148828816117e-83,NZ COVID Aug 2021,EpiFilter
0.92,6.111322096443423e-83,NZ COVID Aug 2021,EpiFilter
0.921,5.3714193062045916e-83,NZ COVID Aug 2021,EpiFilter
0.9219999999999999,4.721776877905001e-83,NZ COVID Aug 2021,EpiFilter
0.9229999999999999,4.1513010037821256e-83,NZ COVID Aug 2021,EpiFilter
0.924,3.650271612846107e-83,NZ COVID Aug 2021,EpiFilter
0.925,3.2101709973225285e-83,NZ COVID Aug 2021,EpiFilter
0.926,2.8235339758129903e-83,NZ COVID Aug 2021,EpiFilter
0.9269999999999999,2.4838168667612397e-83,NZ COVID Aug 2021,EpiFilter
0.9279999999999999,2.1852828935372776e-83,NZ COVID Aug 2021,EpiFilter
0.929,1.9229019453493918e-83,NZ COVID Aug 2021,EpiFilter
0.93,1.6922628824156156e-83,NZ COVID Aug 2021,EpiFilter
0.931,1.489496804034886e-83,NZ COVID Aug 2021,EpiFilter
0.9319999999999999,1.311209899043167e-83,NZ COVID Aug 2021,EpiFilter
0.9329999999999999,1.1544246732221138e-83,NZ COVID Aug 2021,EpiFilter
0.934,1.0165285009687665e-83,NZ COVID Aug 2021,EpiFilter
0.935,8.952285818011233e-84,NZ COVID Aug 2021,EpiFilter
0.936,7.885124985098551e-84,NZ COVID Aug 2021,EpiFilter
0.9369999999999999,6.946136752520163e-84,NZ COVID Aug 2021,EpiFilter
0.938,6.119811223731724e-84,NZ COVID Aug 2021,EpiFilter
0.9390000000000001,5.392529321008491e-84,NZ COVID Aug 2021,EpiFilter
0.9400000000000001,4.752330566793859e-84,NZ COVID Aug 2021,EpiFilter
0.941,4.188709594637149e-84,NZ COVID Aug 2021,EpiFilter
0.942,3.6924378093490347e-84,NZ COVID Aug 2021,EpiFilter
0.943,3.2554070654640672e-84,NZ COVID Aug 2021,EpiFilter
0.9440000000000001,2.870492625747993e-84,NZ COVID Aug 2021,EpiFilter
0.9450000000000001,2.5314330043812397e-84,NZ COVID Aug 2021,EpiFilter
0.946,2.2327245993375906e-84,NZ COVID Aug 2021,EpiFilter
0.947,1.9695292803793856e-84,NZ COVID Aug 2021,EpiFilter
0.948,1.7375933280250046e-84,NZ COVID Aug 2021,EpiFilter
0.9490000000000001,1.5331763191074032e-84,NZ COVID Aug 2021,EpiFilter
0.9500000000000001,1.3529887294930093e-84,NZ COVID Aug 2021,EpiFilter
0.951,1.1941371776378442e-84,NZ COVID Aug 2021,EpiFilter
0.952,1.0540763664937414e-84,NZ COVID Aug 2021,EpiFilter
0.953,9.305668983787446e-85,NZ COVID Aug 2021,EpiFilter
0.9540000000000001,8.216382398697051e-85,NZ COVID Aug 2021,EpiFilter
0.9550000000000001,7.255562034166683e-85,NZ COVID Aug 2021,EpiFilter
0.956,6.407943908076516e-85,NZ COVID Aug 2021,EpiFilter
0.957,5.660091122826359e-85,NZ COVID Aug 2021,EpiFilter
0.958,5.000173551879655e-85,NZ COVID Aug 2021,EpiFilter
0.9590000000000001,4.417774286850736e-85,NZ COVID Aug 2021,EpiFilter
0.96,3.903719570951071e-85,NZ COVID Aug 2021,EpiFilter
0.961,3.4499293481018825e-85,NZ COVID Aug 2021,EpiFilter
0.962,3.0492859105830037e-85,NZ COVID Aug 2021,EpiFilter
0.963,2.695518437409854e-85,NZ COVID Aug 2021,EpiFilter
0.9640000000000001,2.3831014870855662e-85,NZ COVID Aug 2021,EpiFilter
0.965,2.1071657459895972e-85,NZ COVID Aug 2021,EpiFilter
0.966,1.8634195419057187e-85,NZ COVID Aug 2021,EpiFilter
0.967,1.648079814827482e-85,NZ COVID Aug 2021,EpiFilter
0.968,1.4578113971922056e-85,NZ COVID Aug 2021,EpiFilter
0.9690000000000001,1.2896735960221936e-85,NZ COVID Aug 2021,EpiFilter
0.97,1.1410731925172764e-85,NZ COVID Aug 2021,EpiFilter
0.971,1.0097230824904979e-85,NZ COVID Aug 2021,EpiFilter
0.972,8.936058757718268e-86,NZ COVID Aug 2021,EpiFilter
0.9730000000000001,7.909418556727953e-86,NZ COVID Aug 2021,EpiFilter
0.974,7.001607724711514e-86,NZ COVID Aug 2021,EpiFilter
0.975,6.1987700881554656e-86,NZ COVID Aug 2021,EpiFilter
0.976,5.488677110184764e-86,NZ COVID Aug 2021,EpiFilter
0.977,4.860535294824038e-86,NZ COVID Aug 2021,EpiFilter
0.9780000000000001,4.304816546928257e-86,NZ COVID Aug 2021,EpiFilter
0.979,3.813108732000124e-86,NZ COVID Aug 2021,EpiFilter
0.98,3.377984013032765e-86,NZ COVID Aug 2021,EpiFilter
0.981,2.9928828344690593e-86,NZ COVID Aug 2021,EpiFilter
0.982,2.6520116801666084e-86,NZ COVID Aug 2021,EpiFilter
0.9830000000000001,2.3502529583098747e-86,NZ COVID Aug 2021,EpiFilter
0.984,2.08308556439393e-86,NZ COVID Aug 2021,EpiFilter
0.985,1.8465148479072037e-86,NZ COVID Aug 2021,EpiFilter
0.986,1.6370108614186974e-86,NZ COVID Aug 2021,EpiFilter
0.987,1.4514539054796787e-86,NZ COVID Aug 2021,EpiFilter
0.9880000000000001,1.287086501136518e-86,NZ COVID Aug 2021,EpiFilter
0.989,1.141471025866368e-86,NZ COVID Aug 2021,EpiFilter
0.99,1.0124523402750868e-86,NZ COVID Aug 2021,EpiFilter
0.991,8.981248133839532e-87,NZ COVID Aug 2021,EpiFilter
0.992,7.968032250676073e-87,NZ COVID Aug 2021,EpiFilter
0.993,7.069970864772944e-87,NZ COVID Aug 2021,EpiFilter
0.994,6.273879740613977e-87,NZ COVID Aug 2021,EpiFilter
0.995,5.568095209661905e-87,NZ COVID Aug 2021,EpiFilter
0.996,4.942297520200047e-87,NZ COVID Aug 2021,EpiFilter
0.997,4.387354858175734e-87,NZ COVID Aug 2021,EpiFilter
0.998,3.895185602756041e-87,NZ COVID Aug 2021,EpiFilter
0.999,3.4586366695127506e-87,NZ COVID Aug 2021,EpiFilter
1.0,3.0713760487600517e-87,NZ COVID Aug 2021,EpiFilter
