eta,peta,simulation,model,fit
0.001,1.5627607179122012e-185,Random walk,EpiFilter,SI Uncertainty
0.0035037593984962407,2.756227890165364e-184,Random walk,EpiFilter,SI Uncertainty
0.006007518796992481,2.0145753244419647e-136,Random walk,EpiFilter,SI Uncertainty
0.008511278195488721,7.170868948940873e-89,Random walk,EpiFilter,SI Uncertainty
0.011015037593984962,3.7552029349495346e-62,Random walk,EpiFilter,SI Uncertainty
0.013518796992481203,1.3872806825371262e-47,Random walk,EpiFilter,SI Uncertainty
0.01602255639097744,1.4657327126877553e-38,Random walk,EpiFilter,SI Uncertainty
0.018526315789473682,3.012128624882325e-32,Random walk,EpiFilter,SI Uncertainty
0.021030075187969923,1.6881483970068336e-27,Random walk,EpiFilter,SI Uncertainty
0.023533834586466164,9.103135748635666e-24,Random walk,EpiFilter,SI Uncertainty
0.026037593984962405,9.528933853640007e-21,Random walk,EpiFilter,SI Uncertainty
0.028541353383458645,2.989294808509131e-18,Random walk,EpiFilter,SI Uncertainty
0.031045112781954886,3.7460052348821874e-16,Random walk,EpiFilter,SI Uncertainty
0.03354887218045113,2.2876253462685398e-14,Random walk,EpiFilter,SI Uncertainty
0.036052631578947364,7.850634850718259e-13,Random walk,EpiFilter,SI Uncertainty
0.03855639097744361,1.6821857914698443e-11,Random walk,EpiFilter,SI Uncertainty
0.041060150375939845,2.437953338873062e-10,Random walk,EpiFilter,SI Uncertainty
0.04356390977443609,2.5429806386700902e-9,Random walk,EpiFilter,SI Uncertainty
0.04606766917293233,2.0054111217238257e-8,Random walk,EpiFilter,SI Uncertainty
0.04857142857142857,1.24400265043765e-7,Random walk,EpiFilter,SI Uncertainty
0.05107518796992481,6.269793122739265e-7,Random walk,EpiFilter,SI Uncertainty
0.05357894736842105,2.6370094140526786e-6,Random walk,EpiFilter,SI Uncertainty
0.05608270676691729,9.464248917662449e-6,Random walk,EpiFilter,SI Uncertainty
0.058586466165413534,2.95345920762236e-5,Random walk,EpiFilter,SI Uncertainty
0.06109022556390977,8.142542409536699e-5,Random walk,EpiFilter,SI Uncertainty
0.06359398496240601,0.00020103619634728745,Random walk,EpiFilter,SI Uncertainty
0.06609774436090225,0.00044971770665097155,Random walk,EpiFilter,SI Uncertainty
0.0686015037593985,0.000920726051413833,Random walk,EpiFilter,SI Uncertainty
0.07110526315789473,0.0017403606906889757,Random walk,EpiFilter,SI Uncertainty
0.07360902255639097,0.003060360732104128,Random walk,EpiFilter,SI Uncertainty
0.07611278195488722,0.0050399268794123755,Random walk,EpiFilter,SI Uncertainty
0.07861654135338346,0.007818749200622602,Random walk,EpiFilter,SI Uncertainty
0.08112030075187969,0.011485649654775056,Random walk,EpiFilter,SI Uncertainty
0.08362406015037593,0.016049671468705052,Random walk,EpiFilter,SI Uncertainty
0.08612781954887218,0.021420767929516665,Random walk,EpiFilter,SI Uncertainty
0.08863157894736842,0.027405465682943143,Random walk,EpiFilter,SI Uncertainty
0.09113533834586465,0.03371955497389063,Random walk,EpiFilter,SI Uncertainty
0.0936390977443609,0.040016028368695424,Random walk,EpiFilter,SI Uncertainty
0.09614285714285714,0.045923256475749706,Random walk,EpiFilter,SI Uncertainty
0.09864661654135337,0.05108655528908069,Random walk,EpiFilter,SI Uncertainty
0.10115037593984962,0.05520616039815573,Random walk,EpiFilter,SI Uncertainty
0.10365413533834586,0.058065972780408696,Random walk,EpiFilter,SI Uncertainty
0.1061578947368421,0.05954973172618106,Random walk,EpiFilter,SI Uncertainty
0.10866165413533833,0.05964383562219574,Random walk,EpiFilter,SI Uncertainty
0.11116541353383458,0.0584282839860576,Random walk,EpiFilter,SI Uncertainty
0.11366917293233082,0.05605877223029958,Random walk,EpiFilter,SI Uncertainty
0.11617293233082707,0.05274369351666496,Random walk,EpiFilter,SI Uncertainty
0.1186766917293233,0.0487197564233743,Random walk,EpiFilter,SI Uncertainty
0.12118045112781954,0.044229313483181515,Random walk,EpiFilter,SI Uncertainty
0.12368421052631579,0.039501566722568604,Random walk,EpiFilter,SI Uncertainty
0.12618796992481202,0.03473881007930418,Random walk,EpiFilter,SI Uncertainty
0.12869172932330827,0.030107966136668777,Random walk,EpiFilter,SI Uncertainty
0.1311954887218045,0.02573698422447033,Random walk,EpiFilter,SI Uncertainty
0.13369924812030073,0.021715227949137814,Random walk,EpiFilter,SI Uncertainty
0.136203007518797,0.018096779104078583,Random walk,EpiFilter,SI Uncertainty
0.13870676691729322,0.014905575583929938,Random walk,EpiFilter,SI Uncertainty
0.14121052631578945,0.012141423669055679,Random walk,EpiFilter,SI Uncertainty
0.1437142857142857,0.009786120977548825,Random walk,EpiFilter,SI Uncertainty
0.14621804511278194,0.007809146414115671,Random walk,EpiFilter,SI Uncertainty
0.1487218045112782,0.006172582251681119,Random walk,EpiFilter,SI Uncertainty
0.15122556390977443,0.0048351097177648525,Random walk,EpiFilter,SI Uncertainty
0.15372932330827066,0.0037550536748810477,Random walk,EpiFilter,SI Uncertainty
0.15623308270676692,0.002892543514772945,Random walk,EpiFilter,SI Uncertainty
0.15873684210526315,0.002210911115087116,Random walk,EpiFilter,SI Uncertainty
0.16124060150375938,0.001677470300532734,Random walk,EpiFilter,SI Uncertainty
0.16374436090225564,0.0012638240827242198,Random walk,EpiFilter,SI Uncertainty
0.16624812030075187,0.0009458337620453649,Random walk,EpiFilter,SI Uncertainty
0.1687518796992481,0.0007033641466942798,Random walk,EpiFilter,SI Uncertainty
0.17125563909774436,0.000519896465843452,Random walk,EpiFilter,SI Uncertainty
0.17375939849624059,0.00038207827741809403,Random walk,EpiFilter,SI Uncertainty
0.17626315789473684,0.0002792597459206074,Random walk,EpiFilter,SI Uncertainty
0.17876691729323307,0.00020304903918294697,Random walk,EpiFilter,SI Uncertainty
0.1812706766917293,0.00014690650813111407,Random walk,EpiFilter,SI Uncertainty
0.18377443609022556,0.00010578756827652686,Random walk,EpiFilter,SI Uncertainty
0.1862781954887218,7.583735092749763e-5,Random walk,EpiFilter,SI Uncertainty
0.18878195488721802,5.41356943217618e-5,Random walk,EpiFilter,SI Uncertainty
0.19128571428571428,3.848835679789039e-5,Random walk,EpiFilter,SI Uncertainty
0.1937894736842105,2.725896620252299e-5,Random walk,EpiFilter,SI Uncertainty
0.19629323308270677,1.9235762204015847e-5,Random walk,EpiFilter,SI Uncertainty
0.198796992481203,1.35273175613681e-5,Random walk,EpiFilter,SI Uncertainty
0.20130075187969923,9.481898257987766e-6,Random walk,EpiFilter,SI Uncertainty
0.2038045112781955,6.625768124809001e-6,Random walk,EpiFilter,SI Uncertainty
0.20630827067669172,4.6164448788720085e-6,Random walk,EpiFilter,SI Uncertainty
0.20881203007518795,3.207598265832324e-6,Random walk,EpiFilter,SI Uncertainty
0.2113157894736842,2.2229055358074073e-6,Random walk,EpiFilter,SI Uncertainty
0.21381954887218044,1.536724918894432e-6,Random walk,EpiFilter,SI Uncertainty
0.21632330827067667,1.0599085004802521e-6,Random walk,EpiFilter,SI Uncertainty
0.21882706766917293,7.294550392191105e-7,Random walk,EpiFilter,SI Uncertainty
0.22133082706766916,5.010086975871157e-7,Random walk,EpiFilter,SI Uncertainty
0.2238345864661654,3.4345134891520104e-7,Random walk,EpiFilter,SI Uncertainty
0.22633834586466164,2.350244877505817e-7,Random walk,EpiFilter,SI Uncertainty
0.22884210526315787,1.605616338454211e-7,Random walk,EpiFilter,SI Uncertainty
0.23134586466165413,1.0952223341198592e-7,Random walk,EpiFilter,SI Uncertainty
0.23384962406015036,7.460089273034595e-8,Random walk,EpiFilter,SI Uncertainty
0.2363533834586466,5.074750769527156e-8,Random walk,EpiFilter,SI Uncertainty
0.23885714285714285,3.447946713301991e-8,Random walk,EpiFilter,SI Uncertainty
0.24136090225563908,2.3400555890078165e-8,Random walk,EpiFilter,SI Uncertainty
0.2438646616541353,1.586553879954509e-8,Random walk,EpiFilter,SI Uncertainty
0.24636842105263157,1.074702664077676e-8,Random walk,EpiFilter,SI Uncertainty
0.2488721804511278,7.273897193596817e-9,Random walk,EpiFilter,SI Uncertainty
0.25137593984962403,4.919608181126932e-9,Random walk,EpiFilter,SI Uncertainty
0.25387969924812026,3.325189006599093e-9,Random walk,EpiFilter,SI Uncertainty
0.25638345864661655,2.2462668961070397e-9,Random walk,EpiFilter,SI Uncertainty
0.2588872180451128,1.5167051014807519e-9,Random walk,EpiFilter,SI Uncertainty
0.261390977443609,1.023693984321425e-9,Random walk,EpiFilter,SI Uncertainty
0.26389473684210524,6.907195053504401e-10,Random walk,EpiFilter,SI Uncertainty
0.26639849624060147,4.659380215037172e-10,Random walk,EpiFilter,SI Uncertainty
0.26890225563909775,3.142539294622809e-10,Random walk,EpiFilter,SI Uncertainty
0.271406015037594,2.1192866269437868e-10,Random walk,EpiFilter,SI Uncertainty
0.2739097744360902,1.4291717109071244e-10,Random walk,EpiFilter,SI Uncertainty
0.27641353383458644,9.638140212274168e-11,Random walk,EpiFilter,SI Uncertainty
0.2789172932330827,6.500453537416456e-11,Random walk,EpiFilter,SI Uncertainty
0.2814210526315789,4.384925896073295e-11,Random walk,EpiFilter,SI Uncertainty
0.2839248120300752,2.958521792598043e-11,Random walk,EpiFilter,SI Uncertainty
0.2864285714285714,1.9966691111406794e-11,Random walk,EpiFilter,SI Uncertainty
0.28893233082706765,1.3479702992938554e-11,Random walk,EpiFilter,SI Uncertainty
0.2914360902255639,9.103758680820213e-12,Random walk,EpiFilter,SI Uncertainty
0.2939398496240601,6.15105856953162e-12,Random walk,EpiFilter,SI Uncertainty
0.2964436090225564,4.1580477116286875e-12,Random walk,EpiFilter,SI Uncertainty
0.29894736842105263,2.8122931644669912e-12,Random walk,EpiFilter,SI Uncertainty
0.30145112781954886,1.9031961569995535e-12,Random walk,EpiFilter,SI Uncertainty
0.3039548872180451,1.2887775850427428e-12,Random walk,EpiFilter,SI Uncertainty
0.3064586466165413,8.732986713549187e-13,Random walk,EpiFilter,SI Uncertainty
0.30896240601503755,5.921835044487176e-13,Random walk,EpiFilter,SI Uncertainty
0.31146616541353384,4.0186124141358436e-13,Random walk,EpiFilter,SI Uncertainty
0.31396992481203007,2.729224375199623e-13,Random walk,EpiFilter,SI Uncertainty
0.3164736842105263,1.8550774273263355e-13,Random walk,EpiFilter,SI Uncertainty
0.3189774436090225,1.2620027200840634e-13,Random walk,EpiFilter,SI Uncertainty
0.32148120300751876,8.593086262017503e-14,Random walk,EpiFilter,SI Uncertainty
0.32398496240601504,5.856569281718449e-14,Random walk,EpiFilter,SI Uncertainty
0.3264887218045113,3.9953669332598694e-14,Random walk,EpiFilter,SI Uncertainty
0.3289924812030075,2.7283671772513622e-14,Random walk,EpiFilter,SI Uncertainty
0.33149624060150373,1.8650679981688578e-14,Random walk,EpiFilter,SI Uncertainty
0.33399999999999996,1.276276157489409e-14,Random walk,EpiFilter,SI Uncertainty
0.33650375939849625,8.743084640198361e-15,Random walk,EpiFilter,SI Uncertainty
0.3390075187969925,5.996062581176113e-15,Random walk,EpiFilter,SI Uncertainty
0.3415112781954887,4.1168021440072664e-15,Random walk,EpiFilter,SI Uncertainty
0.34401503759398494,2.829805811470875e-15,Random walk,EpiFilter,SI Uncertainty
0.34651879699248117,1.9474487772246394e-15,Random walk,EpiFilter,SI Uncertainty
0.3490225563909774,1.3418307350437197e-15,Random walk,EpiFilter,SI Uncertainty
0.3515263157894737,9.256797769010474e-16,Random walk,EpiFilter,SI Uncertainty
0.3540300751879699,6.393869914265097e-16,Random walk,EpiFilter,SI Uncertainty
0.35653383458646615,4.4219619572299014e-16,Random walk,EpiFilter,SI Uncertainty
0.3590375939849624,3.0621198501399586e-16,Random walk,EpiFilter,SI Uncertainty
0.3615413533834586,2.1232089281760628e-16,Random walk,EpiFilter,SI Uncertainty
0.3640451127819549,1.474122705487429e-16,Random walk,EpiFilter,SI Uncertainty
0.3665488721804511,1.0248292318797885e-16,Random walk,EpiFilter,SI Uncertainty
0.36905263157894735,7.134319793010179e-17,Random walk,EpiFilter,SI Uncertainty
0.3715563909774436,4.973277674476589e-17,Random walk,EpiFilter,SI Uncertainty
0.3740601503759398,3.47158196974972e-17,Random walk,EpiFilter,SI Uncertainty
0.37656390977443605,2.4266765183462257e-17,Random walk,EpiFilter,SI Uncertainty
0.37906766917293233,1.6986383646679776e-17,Random walk,EpiFilter,SI Uncertainty
0.38157142857142856,1.1906909391045516e-17,Random walk,EpiFilter,SI Uncertainty
0.3840751879699248,8.358155196149208e-18,Random walk,EpiFilter,SI Uncertainty
0.386578947368421,5.8754204151553345e-18,Random walk,EpiFilter,SI Uncertainty
0.38908270676691725,4.136072768075831e-18,Random walk,EpiFilter,SI Uncertainty
0.39158646616541354,2.915824481948161e-18,Random walk,EpiFilter,SI Uncertainty
0.39409022556390977,2.0585506781930064e-18,Random walk,EpiFilter,SI Uncertainty
0.396593984962406,1.4554304048984442e-18,Random walk,EpiFilter,SI Uncertainty
0.39909774436090223,1.0305129843657493e-18,Random walk,EpiFilter,SI Uncertainty
0.40160150375939846,7.307180357161573e-19,Random walk,EpiFilter,SI Uncertainty
0.4041052631578947,5.188985488446698e-19,Random walk,EpiFilter,SI Uncertainty
0.406609022556391,3.6902267165754783e-19,Random walk,EpiFilter,SI Uncertainty
0.4091127819548872,2.6282281362898672e-19,Random walk,EpiFilter,SI Uncertainty
0.41161654135338344,1.8746220330310153e-19,Random walk,EpiFilter,SI Uncertainty
0.41412030075187967,1.3390784581131795e-19,Random walk,EpiFilter,SI Uncertainty
0.4166240601503759,9.579454282981028e-20,Random walk,EpiFilter,SI Uncertainty
0.4191278195488722,6.863071693524462e-20,Random walk,EpiFilter,SI Uncertainty
0.4216315789473684,4.924245585225343e-20,Random walk,EpiFilter,SI Uncertainty
0.42413533834586464,3.538379920691888e-20,Random walk,EpiFilter,SI Uncertainty
0.4266390977443609,2.5463189869439635e-20,Random walk,EpiFilter,SI Uncertainty
0.4291428571428571,1.8351203995638886e-20,Random walk,EpiFilter,SI Uncertainty
0.43164661654135333,1.3245225914312145e-20,Random walk,EpiFilter,SI Uncertainty
0.4341503759398496,9.574072385019786e-21,Random walk,EpiFilter,SI Uncertainty
0.43665413533834585,6.93068063649746e-21,Random walk,EpiFilter,SI Uncertainty
0.4391578947368421,5.024537251691699e-21,Random walk,EpiFilter,SI Uncertainty
0.4416616541353383,3.648012057313897e-21,Random walk,EpiFilter,SI Uncertainty
0.44416541353383454,2.6524996512710932e-21,Random walk,EpiFilter,SI Uncertainty
0.4466691729323308,1.9314879683871663e-21,Random walk,EpiFilter,SI Uncertainty
0.44917293233082706,1.4085260144733668e-21,Random walk,EpiFilter,SI Uncertainty
0.4516766917293233,1.0286612871301807e-21,Random walk,EpiFilter,SI Uncertainty
0.4541804511278195,7.523378622476379e-22,Random walk,EpiFilter,SI Uncertainty
0.45668421052631575,5.51041953761976e-22,Random walk,EpiFilter,SI Uncertainty
0.459187969924812,4.041901695970581e-22,Random walk,EpiFilter,SI Uncertainty
0.46169172932330826,2.9690271335422317e-22,Random walk,EpiFilter,SI Uncertainty
0.4641954887218045,2.1840763948105607e-22,Random walk,EpiFilter,SI Uncertainty
0.4666992481203007,1.608957320203249e-22,Random walk,EpiFilter,SI Uncertainty
0.46920300751879696,1.1869760903502672e-22,Random walk,EpiFilter,SI Uncertainty
0.4717067669172932,8.769155749071294e-23,Random walk,EpiFilter,SI Uncertainty
0.47421052631578947,6.487681106158055e-23,Random walk,EpiFilter,SI Uncertainty
0.4767142857142857,4.8065620630482736e-23,Random walk,EpiFilter,SI Uncertainty
0.47921804511278193,3.5660738810331035e-23,Random walk,EpiFilter,SI Uncertainty
0.48172180451127816,2.649440317612165e-23,Random walk,EpiFilter,SI Uncertainty
0.4842255639097744,1.97116598992579e-23,Random walk,EpiFilter,SI Uncertainty
0.4867293233082706,1.4685700594263596e-23,Random walk,EpiFilter,SI Uncertainty
0.4892330827067669,1.0956343996974145e-23,Random walk,EpiFilter,SI Uncertainty
0.49173684210526314,8.185273742145636e-24,Random walk,EpiFilter,SI Uncertainty
0.49424060150375937,6.1234235836667325e-24,Random walk,EpiFilter,SI Uncertainty
0.4967443609022556,4.5871809903819225e-24,Random walk,EpiFilter,SI Uncertainty
0.49924812030075183,3.4410011077788335e-24,Random walk,EpiFilter,SI Uncertainty
0.5017518796992481,2.5846869492462956e-24,Random walk,EpiFilter,SI Uncertainty
0.5042556390977444,1.944070824575134e-24,Random walk,EpiFilter,SI Uncertainty
0.5067593984962405,1.4641782937857451e-24,Random walk,EpiFilter,SI Uncertainty
0.5092631578947369,1.104206527832145e-24,Random walk,EpiFilter,SI Uncertainty
0.5117669172932331,8.338305471502629e-25,Random walk,EpiFilter,SI Uncertainty
0.5142706766917293,6.304825707168195e-25,Random walk,EpiFilter,SI Uncertainty
0.5167744360902256,4.773454417784207e-25,Random walk,EpiFilter,SI Uncertainty
0.5192781954887218,3.61870745248122e-25,Random walk,EpiFilter,SI Uncertainty
0.521781954887218,2.7468297019400136e-25,Random walk,EpiFilter,SI Uncertainty
0.5242857142857144,2.0876808196980865e-25,Random walk,EpiFilter,SI Uncertainty
0.5267894736842105,1.5887190173365185e-25,Random walk,EpiFilter,SI Uncertainty
0.5292932330827068,1.2105346222065676e-25,Random walk,EpiFilter,SI Uncertainty
0.5317969924812029,9.235298739903731e-26,Random walk,EpiFilter,SI Uncertainty
0.5343007518796993,7.054476051423117e-26,Random walk,EpiFilter,SI Uncertainty
0.5368045112781955,5.395294017046575e-26,Random walk,EpiFilter,SI Uncertainty
0.5393082706766917,4.131411487214416e-26,Random walk,EpiFilter,SI Uncertainty
0.541812030075188,3.1674604965156054e-26,Random walk,EpiFilter,SI Uncertainty
0.5443157894736842,2.4313630229075502e-26,Random walk,EpiFilter,SI Uncertainty
0.5468195488721804,1.868575604883682e-26,Random walk,EpiFilter,SI Uncertainty
0.5493233082706768,1.437772672892582e-26,Random walk,EpiFilter,SI Uncertainty
0.5518270676691729,1.1076049074219766e-26,Random walk,EpiFilter,SI Uncertainty
0.5543308270676692,8.542618754655079e-27,Random walk,EpiFilter,SI Uncertainty
0.5568345864661653,6.596371339433595e-27,Random walk,EpiFilter,SI Uncertainty
0.5593383458646617,5.099451859393671e-27,Random walk,EpiFilter,SI Uncertainty
0.5618421052631578,3.946777454929529e-27,Random walk,EpiFilter,SI Uncertainty
0.5643458646616542,3.058151102751179e-27,Random walk,EpiFilter,SI Uncertainty
0.5668496240601504,2.37229569667204e-27,Random walk,EpiFilter,SI Uncertainty
0.5693533834586466,1.8423354471837566e-27,Random walk,EpiFilter,SI Uncertainty
0.5718571428571428,1.4323693992021306e-27,Random walk,EpiFilter,SI Uncertainty
0.5743609022556391,1.1148700272603097e-27,Random walk,EpiFilter,SI Uncertainty
0.5768646616541353,8.68705905191838e-28,Random walk,EpiFilter,SI Uncertainty
0.5793684210526316,6.776369738090385e-28,Random walk,EpiFilter,SI Uncertainty
0.5818721804511278,5.291681178275103e-28,Random walk,EpiFilter,SI Uncertainty
0.5843759398496241,4.136747196147795e-28,Random walk,EpiFilter,SI Uncertainty
0.5868796992481202,3.237348986629672e-28,Random walk,EpiFilter,SI Uncertainty
0.5893834586466166,2.536190011046149e-28,Random walk,EpiFilter,SI Uncertainty
0.5918872180451128,1.9889886521178994e-28,Random walk,EpiFilter,SI Uncertainty
0.594390977443609,1.5614842339161022e-28,Random walk,EpiFilter,SI Uncertainty
0.5968947368421053,1.2271403288214103e-28,Random walk,EpiFilter,SI Uncertainty
0.5993984962406015,9.653809922342983e-29,Random walk,EpiFilter,SI Uncertainty
0.6019022556390977,7.602347638714735e-29,Random walk,EpiFilter,SI Uncertainty
0.6044060150375941,5.992910168131424e-29,Random walk,EpiFilter,SI Uncertainty
0.6069097744360902,4.7289582862020154e-29,Random walk,EpiFilter,SI Uncertainty
0.6094135338345865,3.735317305759812e-29,Random walk,EpiFilter,SI Uncertainty
0.6119172932330826,2.953387721285369e-29,Random walk,EpiFilter,SI Uncertainty
0.614421052631579,2.337443077127063e-29,Random walk,EpiFilter,SI Uncertainty
0.6169248120300752,1.8517652054038032e-29,Random walk,EpiFilter,SI Uncertainty
0.6194285714285714,1.4684250893734204e-29,Random walk,EpiFilter,SI Uncertainty
0.6219323308270677,1.1655620443705936e-29,Random walk,EpiFilter,SI Uncertainty
0.6244360902255639,9.260479254071623e-30,Random walk,EpiFilter,SI Uncertainty
0.6269398496240601,7.364491394168042e-30,Random walk,EpiFilter,SI Uncertainty
0.6294436090225564,5.8621923934530156e-30,Random walk,EpiFilter,SI Uncertainty
0.6319473684210526,4.6707023644183175e-30,Random walk,EpiFilter,SI Uncertainty
0.6344511278195489,3.724825751648499e-30,Random walk,EpiFilter,SI Uncertainty
0.636954887218045,2.973228027089576e-30,Random walk,EpiFilter,SI Uncertainty
0.6394586466165414,2.3754496630685116e-30,Random walk,EpiFilter,SI Uncertainty
0.6419624060150375,1.8995717083904866e-30,Random walk,EpiFilter,SI Uncertainty
0.6444661654135339,1.5203889761929476e-30,Random walk,EpiFilter,SI Uncertainty
0.6469699248120301,1.2179790650603838e-30,Random walk,EpiFilter,SI Uncertainty
0.6494736842105263,9.765803541383936e-31,Random walk,EpiFilter,SI Uncertainty
0.6519774436090225,7.837114096493976e-31,Random walk,EpiFilter,SI Uncertainty
0.6544812030075188,6.29479197824997e-31,Random walk,EpiFilter,SI Uncertainty
0.656984962406015,5.060351051986711e-31,Random walk,EpiFilter,SI Uncertainty
0.6594887218045113,4.07146781333714e-31,Random walk,EpiFilter,SI Uncertainty
0.6619924812030075,3.2786082713244937e-31,Random walk,EpiFilter,SI Uncertainty
0.6644962406015038,2.6423680563858247e-31,Random walk,EpiFilter,SI Uncertainty
0.6669999999999999,2.131373005550379e-31,Random walk,EpiFilter,SI Uncertainty
0.6695037593984963,1.7206206020220466e-31,Random walk,EpiFilter,SI Uncertainty
0.6720075187969925,1.3901684994639776e-31,Random walk,EpiFilter,SI Uncertainty
0.6745112781954887,1.1240965579862592e-31,Random walk,EpiFilter,SI Uncertainty
0.677015037593985,9.096846117419162e-32,Random walk,EpiFilter,SI Uncertainty
0.6795187969924812,7.367605488772702e-32,Random walk,EpiFilter,SI Uncertainty
0.6820225563909774,5.971829683431733e-32,Random walk,EpiFilter,SI Uncertainty
0.6845263157894736,4.8443027148521264e-32,Random walk,EpiFilter,SI Uncertainty
0.6870300751879699,3.93274006195145e-32,Random walk,EpiFilter,SI Uncertainty
0.6895338345864662,3.1951896334199005e-32,Random walk,EpiFilter,SI Uncertainty
0.6920375939849623,2.597962066233431e-32,Random walk,EpiFilter,SI Uncertainty
0.6945413533834587,2.113981142785029e-32,Random walk,EpiFilter,SI Uncertainty
0.6970451127819548,1.7214679334253828e-32,Random walk,EpiFilter,SI Uncertainty
0.6995488721804511,1.4028902647893471e-32,Random walk,EpiFilter,SI Uncertainty
0.7020526315789474,1.1441233131265001e-32,Random walk,EpiFilter,SI Uncertainty
0.7045563909774436,9.337783362111337e-33,Random walk,EpiFilter,SI Uncertainty
0.7070601503759398,7.626654222671203e-33,Random walk,EpiFilter,SI Uncertainty
0.7095639097744361,6.233631480078361e-33,Random walk,EpiFilter,SI Uncertainty
0.7120676691729323,5.098735917175959e-33,Random walk,EpiFilter,SI Uncertainty
0.7145714285714286,4.1734554890081245e-33,Random walk,EpiFilter,SI Uncertainty
0.7170751879699248,3.418522893983803e-33,Random walk,EpiFilter,SI Uncertainty
0.7195789473684211,2.8021296657900056e-33,Random walk,EpiFilter,SI Uncertainty
0.7220827067669172,2.298489914476193e-33,Random walk,EpiFilter,SI Uncertainty
0.7245864661654136,1.8866843571613544e-33,Random walk,EpiFilter,SI Uncertainty
0.7270902255639098,1.5497292159751348e-33,Random walk,EpiFilter,SI Uncertainty
0.729593984962406,1.2738256617374243e-33,Random walk,EpiFilter,SI Uncertainty
0.7320977443609022,1.0477543311232403e-33,Random walk,EpiFilter,SI Uncertainty
0.7346015037593985,8.623865048829718e-34,Random walk,EpiFilter,SI Uncertainty
0.7371052631578947,7.10289171584027e-34,Random walk,EpiFilter,SI Uncertainty
0.7396090225563909,5.854057056038834e-34,Random walk,EpiFilter,SI Uncertainty
0.7421127819548872,4.8279749021167195e-34,Random walk,EpiFilter,SI Uncertainty
0.7446165413533835,3.984346994655778e-34,Random walk,EpiFilter,SI Uncertainty
0.7471203007518796,3.290267617327325e-34,Random walk,EpiFilter,SI Uncertainty
0.749624060150376,2.7188487854721045e-34,Random walk,EpiFilter,SI Uncertainty
0.7521278195488721,2.2481045732578617e-34,Random walk,EpiFilter,SI Uncertainty
0.7546315789473684,1.8600450846658655e-34,Random walk,EpiFilter,SI Uncertainty
0.7571353383458647,1.5399401504307599e-34,Random walk,EpiFilter,SI Uncertainty
0.7596390977443609,1.27572053309434e-34,Random walk,EpiFilter,SI Uncertainty
0.7621428571428571,1.057490617958292e-34,Random walk,EpiFilter,SI Uncertainty
0.7646466165413534,8.771315566532671e-35,Random walk,EpiFilter,SI Uncertainty
0.7671503759398496,7.279778501462195e-35,Random walk,EpiFilter,SI Uncertainty
0.7696541353383459,6.045535999277992e-35,Random walk,EpiFilter,SI Uncertainty
0.772157894736842,5.02357272293424e-35,Random walk,EpiFilter,SI Uncertainty
0.7746616541353384,4.176859334280533e-35,Random walk,EpiFilter,SI Uncertainty
0.7771654135338345,3.474916204680714e-35,Random walk,EpiFilter,SI Uncertainty
0.7796691729323308,2.8926389460721434e-35,Random walk,EpiFilter,SI Uncertainty
0.7821729323308271,2.4093373988364626e-35,Random walk,EpiFilter,SI Uncertainty
0.7846766917293233,2.007948763763881e-35,Random walk,EpiFilter,SI Uncertainty
0.7871804511278195,1.67439290066283e-35,Random walk,EpiFilter,SI Uncertainty
0.7896842105263158,1.397043765133552e-35,Random walk,EpiFilter,SI Uncertainty
0.792187969924812,1.166295782958098e-35,Random walk,EpiFilter,SI Uncertainty
0.7946917293233082,9.74207882426208e-36,Random walk,EpiFilter,SI Uncertainty
0.7971954887218045,8.142110912960909e-36,Random walk,EpiFilter,SI Uncertainty
0.7996992481203008,6.808681963075e-36,Random walk,EpiFilter,SI Uncertainty
0.8022030075187969,5.696760718043292e-36,Random walk,EpiFilter,SI Uncertainty
0.8047067669172933,4.7690300109881656e-36,Random walk,EpiFilter,SI Uncertainty
0.8072105263157894,3.9945471335895136e-36,Random walk,EpiFilter,SI Uncertainty
0.8097142857142857,3.347639996330522e-36,Random walk,EpiFilter,SI Uncertainty
0.812218045112782,2.8069970244467074e-36,Random walk,EpiFilter,SI Uncertainty
0.8147218045112782,2.3549163334215373e-36,Random walk,EpiFilter,SI Uncertainty
0.8172255639097744,1.976685936439026e-36,Random walk,EpiFilter,SI Uncertainty
0.8197293233082706,1.660071811560335e-36,Random walk,EpiFilter,SI Uncertainty
0.8222330827067669,1.3948948080832802e-36,Random walk,EpiFilter,SI Uncertainty
0.8247368421052632,1.1726807697563256e-36,Random walk,EpiFilter,SI Uncertainty
0.8272406015037593,9.863710357558657e-37,Random walk,EpiFilter,SI Uncertainty
0.8297443609022557,8.300827613240035e-37,Random walk,EpiFilter,SI Uncertainty
0.8322481203007518,6.989103704544483e-37,Random walk,EpiFilter,SI Uncertainty
0.8347518796992481,5.887609878512606e-37,Random walk,EpiFilter,SI Uncertainty
0.8372556390977444,4.962179575637927e-37,Random walk,EpiFilter,SI Uncertainty
0.8397593984962406,4.184275909768347e-37,Random walk,EpiFilter,SI Uncertainty
0.8422631578947368,3.5300513788417134e-37,Random walk,EpiFilter,SI Uncertainty
0.844766917293233,2.9795667437788314e-37,Random walk,EpiFilter,SI Uncertainty
0.8472706766917293,2.5161417739999134e-37,Random walk,EpiFilter,SI Uncertainty
0.8497744360902256,2.12581530236906e-37,Random walk,EpiFilter,SI Uncertainty
0.8522781954887217,1.7968959415460009e-37,Random walk,EpiFilter,SI Uncertainty
0.8547819548872181,1.519588036754364e-37,Random walk,EpiFilter,SI Uncertainty
0.8572857142857142,1.2856800887020351e-37,Random walk,EpiFilter,SI Uncertainty
0.8597894736842105,1.0882850749811094e-37,Random walk,EpiFilter,SI Uncertainty
0.8622932330827067,9.216239106836342e-38,Random walk,EpiFilter,SI Uncertainty
0.864796992481203,7.808447866918033e-38,Random walk,EpiFilter,SI Uncertainty
0.8673007518796992,6.618723623991933e-38,Random walk,EpiFilter,SI Uncertainty
0.8698045112781955,5.612818140459604e-38,Random walk,EpiFilter,SI Uncertainty
0.8723082706766917,4.761935877877953e-38,Random walk,EpiFilter,SI Uncertainty
0.8748120300751879,4.041854088699424e-38,Random walk,EpiFilter,SI Uncertainty
0.8773157894736842,3.4321868019890353e-38,Random walk,EpiFilter,SI Uncertainty
0.8798195488721805,2.915768860492355e-38,Random walk,EpiFilter,SI Uncertainty
0.8823233082706766,2.4781401686784997e-38,Random walk,EpiFilter,SI Uncertainty
0.884827067669173,2.107113633064632e-38,Random walk,EpiFilter,SI Uncertainty
0.8873308270676691,1.792413034565968e-38,Random walk,EpiFilter,SI Uncertainty
0.8898345864661654,1.525369364476837e-38,Random walk,EpiFilter,SI Uncertainty
0.8923383458646617,1.298666060953439e-38,Random walk,EpiFilter,SI Uncertainty
0.8948421052631579,1.1061251674987719e-38,Random walk,EpiFilter,SI Uncertainty
0.8973458646616541,9.425277536549458e-39,Random walk,EpiFilter,SI Uncertainty
0.8998496240601503,8.034630360444529e-39,Random walk,EpiFilter,SI Uncertainty
0.9023533834586466,6.85201552510607e-39,Random walk,EpiFilter,SI Uncertainty
0.9048571428571429,5.845885043818422e-39,Random walk,EpiFilter,SI Uncertainty
0.907360902255639,4.9895401752771944e-39,Random walk,EpiFilter,SI Uncertainty
0.9098646616541354,4.2603760316954024e-39,Random walk,EpiFilter,SI Uncertainty
0.9123684210526315,3.6392454206864295e-39,Random walk,EpiFilter,SI Uncertainty
0.9148721804511278,3.109922853651113e-39,Random walk,EpiFilter,SI Uncertainty
0.917375939849624,2.658652742160443e-39,Random walk,EpiFilter,SI Uncertainty
0.9198796992481203,2.273768385643303e-39,Random walk,EpiFilter,SI Uncertainty
0.9223834586466165,1.945370513138617e-39,Random walk,EpiFilter,SI Uncertainty
0.9248872180451128,1.6650559486996397e-39,Random walk,EpiFilter,SI Uncertainty
0.927390977443609,1.4256884826490713e-39,Random walk,EpiFilter,SI Uncertainty
0.9298947368421052,1.2212052978151027e-39,Random walk,EpiFilter,SI Uncertainty
0.9323984962406014,1.0464533614447228e-39,Random walk,EpiFilter,SI Uncertainty
0.9349022556390978,8.970510834942678e-40,Random walk,EpiFilter,SI Uncertainty
0.9374060150375939,7.692712884560358e-40,Random walk,EpiFilter,SI Uncertainty
0.9399097744360903,6.599421742659024e-40,Random walk,EpiFilter,SI Uncertainty
0.9424135338345864,5.663634576881945e-40,Random walk,EpiFilter,SI Uncertainty
0.9449172932330827,4.8623534724991825e-40,Random walk,EpiFilter,SI Uncertainty
0.9474210526315789,4.175983559236028e-40,Random walk,EpiFilter,SI Uncertainty
0.9499248120300752,3.5878227775599186e-40,Random walk,EpiFilter,SI Uncertainty
0.9524285714285714,3.083629150437472e-40,Random walk,EpiFilter,SI Uncertainty
0.9549323308270676,2.6512536345466707e-40,Random walk,EpiFilter,SI Uncertainty
0.9574360902255639,2.2803284835529033e-40,Random walk,EpiFilter,SI Uncertainty
0.9599398496240602,1.9620026213702925e-40,Random walk,EpiFilter,SI Uncertainty
0.9624436090225563,1.6887168421887637e-40,Random walk,EpiFilter,SI Uncertainty
0.9649473684210527,1.4540127657055357e-40,Random walk,EpiFilter,SI Uncertainty
0.9674511278195488,1.2523704134471974e-40,Random walk,EpiFilter,SI Uncertainty
0.9699548872180451,1.0790700629606449e-40,Random walk,EpiFilter,SI Uncertainty
0.9724586466165412,9.300747041436138e-41,Random walk,EpiFilter,SI Uncertainty
0.9749624060150376,8.019299856057101e-41,Random walk,EpiFilter,SI Uncertainty
0.9774661654135338,6.916790150755177e-41,Random walk,EpiFilter,SI Uncertainty
0.97996992481203,5.967897801929038e-41,Random walk,EpiFilter,SI Uncertainty
0.9824736842105263,5.150932962043044e-41,Random walk,EpiFilter,SI Uncertainty
0.9849774436090225,4.4473087478175553e-41,Random walk,EpiFilter,SI Uncertainty
0.9874812030075187,3.841091516179184e-41,Random walk,EpiFilter,SI Uncertainty
0.9899849624060151,3.3186171652928903e-41,Random walk,EpiFilter,SI Uncertainty
0.9924887218045112,2.8681636429661567e-41,Random walk,EpiFilter,SI Uncertainty
0.9949924812030075,2.4796713231502153e-41,Random walk,EpiFilter,SI Uncertainty
0.9974962406015037,2.1445041642411758e-41,Random walk,EpiFilter,SI Uncertainty
1.0,1.8552456251901967e-41,Random walk,EpiFilter,SI Uncertainty
0.001,4.331083921910331e-145,Random walk,EpiFilter,No Uncertainty
0.0035037593984962407,6.620953841894203e-145,Random walk,EpiFilter,No Uncertainty
0.006007518796992481,2.1823769444018266e-112,Random walk,EpiFilter,No Uncertainty
0.008511278195488721,1.8709157770974236e-74,Random walk,EpiFilter,No Uncertainty
0.011015037593984962,3.189995839318588e-52,Random walk,EpiFilter,No Uncertainty
0.013518796992481203,2.172084315004302e-40,Random walk,EpiFilter,No Uncertainty
0.01602255639097744,3.157897257894484e-33,Random walk,EpiFilter,No Uncertainty
0.018526315789473682,3.3083594176140274e-28,Random walk,EpiFilter,No Uncertainty
0.021030075187969923,2.242161458319758e-24,Random walk,EpiFilter,No Uncertainty
0.023533834586466164,2.577520549044351e-21,Random walk,EpiFilter,No Uncertainty
0.026037593984962405,8.452950191631076e-19,Random walk,EpiFilter,No Uncertainty
0.028541353383458645,1.0898369329623144e-16,Random walk,EpiFilter,No Uncertainty
0.031045112781954886,6.8337915871939136e-15,Random walk,EpiFilter,No Uncertainty
0.03354887218045113,2.416106169277146e-13,Random walk,EpiFilter,No Uncertainty
0.036052631578947364,5.358891313731749e-12,Random walk,EpiFilter,No Uncertainty
0.03855639097744361,8.074883392916265e-11,Random walk,EpiFilter,No Uncertainty
0.041060150375939845,8.787805600476149e-10,Random walk,EpiFilter,No Uncertainty
0.04356390977443609,7.248214523589925e-9,Random walk,EpiFilter,No Uncertainty
0.04606766917293233,4.7097009172023234e-8,Random walk,EpiFilter,No Uncertainty
0.04857142857142857,2.488221634206588e-7,Random walk,EpiFilter,No Uncertainty
0.05107518796992481,1.0971698540733011e-6,Random walk,EpiFilter,No Uncertainty
0.05357894736842105,4.127141434286923e-6,Random walk,EpiFilter,No Uncertainty
0.05608270676691729,1.349082999517081e-5,Random walk,EpiFilter,No Uncertainty
0.058586466165413534,3.892859358605125e-5,Random walk,EpiFilter,No Uncertainty
0.06109022556390977,0.00010050478801050446,Random walk,EpiFilter,No Uncertainty
0.06359398496240601,0.00023487121360692782,Random walk,EpiFilter,No Uncertainty
0.06609774436090225,0.0005018328375568263,Random walk,EpiFilter,No Uncertainty
0.0686015037593985,0.0009889362146510024,Random walk,EpiFilter,No Uncertainty
0.07110526315789473,0.0018112212932671378,Random walk,EpiFilter,No Uncertainty
0.07360902255639097,0.003103670028582434,Random walk,EpiFilter,No Uncertainty
0.07611278195488722,0.005005408303272766,Random walk,EpiFilter,No Uncertainty
0.07861654135338346,0.0076370329949490895,Random walk,EpiFilter,No Uncertainty
0.08112030075187969,0.011074802302992279,Random walk,EpiFilter,No Uncertainty
0.08362406015037593,0.015326999649037502,Random walk,EpiFilter,No Uncertainty
0.08612781954887218,0.020317962147878097,Random walk,EpiFilter,No Uncertainty
0.08863157894736842,0.02588393704649369,Random walk,EpiFilter,No Uncertainty
0.09113533834586465,0.03178247957727425,Random walk,EpiFilter,No Uncertainty
0.0936390977443609,0.03771424961340533,Random walk,EpiFilter,No Uncertainty
0.09614285714285714,0.043353579422739916,Random walk,EpiFilter,No Uncertainty
0.09864661654135337,0.04838265949391702,Random walk,EpiFilter,No Uncertainty
0.10115037593984962,0.052523879812606776,Random walk,EpiFilter,No Uncertainty
0.10365413533834586,0.05556567928346976,Random walk,EpiFilter,No Uncertainty
0.1061578947368421,0.057378849493309854,Random walk,EpiFilter,No Uncertainty
0.10866165413533833,0.05792214996968677,Random walk,EpiFilter,No Uncertainty
0.11116541353383458,0.057237883911033655,Random walk,EpiFilter,No Uncertainty
0.11366917293233082,0.05543944022905122,Random walk,EpiFilter,No Uncertainty
0.11617293233082707,0.05269357556792499,Random walk,EpiFilter,No Uncertainty
0.1186766917293233,0.04920038756248758,Random walk,EpiFilter,No Uncertainty
0.12118045112781954,0.04517362840255346,Random walk,EpiFilter,No Uncertainty
0.12368421052631579,0.040823394240222535,Random walk,EpiFilter,No Uncertainty
0.12618796992481202,0.03634247803207317,Random walk,EpiFilter,No Uncertainty
0.12869172932330827,0.03189694071269437,Random walk,EpiFilter,No Uncertainty
0.1311954887218045,0.027620841725087008,Random walk,EpiFilter,No Uncertainty
0.13369924812030073,0.023614628614767864,Random walk,EpiFilter,No Uncertainty
0.136203007518797,0.019946427314957722,Random walk,EpiFilter,No Uncertainty
0.13870676691729322,0.01665537984224439,Random walk,EpiFilter,No Uncertainty
0.14121052631578945,0.013756207010530016,Random walk,EpiFilter,No Uncertainty
0.1437142857142857,0.011244287450491207,Random walk,EpiFilter,No Uncertainty
0.14621804511278194,0.009100700512320951,Random walk,EpiFilter,No Uncertainty
0.1487218045112782,0.007296847120354433,Random walk,EpiFilter,No Uncertainty
0.15122556390977443,0.005798416617628996,Random walk,EpiFilter,No Uncertainty
0.15372932330827066,0.0045685957729995055,Random walk,EpiFilter,No Uncertainty
0.15623308270676692,0.003570512941522425,Random walk,EpiFilter,No Uncertainty
0.15873684210526315,0.002768976090792351,Random walk,EpiFilter,No Uncertainty
0.16124060150375938,0.00213160182717934,Random walk,EpiFilter,No Uncertainty
0.16374436090225564,0.001629449235475523,Random walk,EpiFilter,No Uncertainty
0.16624812030075187,0.001237273257529071,Random walk,EpiFilter,No Uncertainty
0.1687518796992481,0.0009335029894621814,Random walk,EpiFilter,No Uncertainty
0.17125563909774436,0.0007000352433696345,Random walk,EpiFilter,No Uncertainty
0.17375939849624059,0.0005219164611897747,Random walk,EpiFilter,No Uncertainty
0.17626315789473684,0.0003869689772216543,Random walk,EpiFilter,No Uncertainty
0.17876691729323307,0.0002854021731336693,Random walk,EpiFilter,No Uncertainty
0.1812706766917293,0.00020943600687508098,Random walk,EpiFilter,No Uncertainty
0.18377443609022556,0.00015295395934422306,Random walk,EpiFilter,No Uncertainty
0.1862781954887218,0.0001111945275737304,Random walk,EpiFilter,No Uncertainty
0.18878195488721802,8.048470516468344e-5,Random walk,EpiFilter,No Uncertainty
0.19128571428571428,5.801504788898155e-5,Random walk,EpiFilter,No Uncertainty
0.1937894736842105,4.165352840590702e-5,Random walk,EpiFilter,No Uncertainty
0.19629323308270677,2.979407200012532e-5,Random walk,EpiFilter,No Uncertainty
0.198796992481203,2.1235120351587243e-5,Random walk,EpiFilter,No Uncertainty
0.20130075187969923,1.5083537980884317e-5,Random walk,EpiFilter,No Uncertainty
0.2038045112781955,1.067946039611203e-5,Random walk,EpiFilter,No Uncertainty
0.20630827067669172,7.538140660155023e-6,Random walk,EpiFilter,No Uncertainty
0.20881203007518795,5.305382167337422e-6,Random walk,EpiFilter,No Uncertainty
0.2113157894736842,3.723684219864874e-6,Random walk,EpiFilter,No Uncertainty
0.21381954887218044,2.606733634088699e-6,Random walk,EpiFilter,No Uncertainty
0.21632330827067667,1.8203286572938404e-6,Random walk,EpiFilter,No Uncertainty
0.21882706766917293,1.2682121093822666e-6,Random walk,EpiFilter,No Uncertainty
0.22133082706766916,8.816181511739598e-7,Random walk,EpiFilter,No Uncertainty
0.2238345864661654,6.116054961750062e-7,Random walk,EpiFilter,No Uncertainty
0.22633834586466164,4.234657934291726e-7,Random walk,EpiFilter,No Uncertainty
0.22884210526315787,2.9266683952067407e-7,Random walk,EpiFilter,No Uncertainty
0.23134586466165413,2.0192374461173397e-7,Random walk,EpiFilter,No Uncertainty
0.23384962406015036,1.3909413701383627e-7,Random walk,EpiFilter,No Uncertainty
0.2363533834586466,9.567206656584632e-8,Random walk,EpiFilter,No Uncertainty
0.23885714285714285,6.571465840712854e-8,Random walk,EpiFilter,No Uncertainty
0.24136090225563908,4.5080070280971754e-8,Random walk,EpiFilter,No Uncertainty
0.2438646616541353,3.088838838091504e-8,Random walk,EpiFilter,No Uncertainty
0.24636842105263157,2.1141512251803663e-8,Random walk,EpiFilter,No Uncertainty
0.2488721804511278,1.4455979573870394e-8,Random walk,EpiFilter,No Uncertainty
0.25137593984962403,9.875725461858476e-9,Random walk,EpiFilter,No Uncertainty
0.25387969924812026,6.74122238080593e-9,Random walk,EpiFilter,No Uncertainty
0.25638345864661655,4.598259621715607e-9,Random walk,EpiFilter,No Uncertainty
0.2588872180451128,3.1345084274158584e-9,Random walk,EpiFilter,No Uncertainty
0.261390977443609,2.1355088967972976e-9,Random walk,EpiFilter,No Uncertainty
0.26389473684210524,1.454196721793094e-9,Random walk,EpiFilter,No Uncertainty
0.26639849624060147,9.89845965295797e-10,Random walk,EpiFilter,No Uncertainty
0.26890225563909775,6.735450247724024e-10,Random walk,EpiFilter,No Uncertainty
0.271406015037594,4.58195845686824e-10,Random walk,EpiFilter,No Uncertainty
0.2739097744360902,3.1163855930197745e-10,Random walk,EpiFilter,No Uncertainty
0.27641353383458644,2.1193168553447313e-10,Random walk,EpiFilter,No Uncertainty
0.2789172932330827,1.4411644215601783e-10,Random walk,EpiFilter,No Uncertainty
0.2814210526315789,9.80012322109579e-11,Random walk,EpiFilter,No Uncertainty
0.2839248120300752,6.664637178461431e-11,Random walk,EpiFilter,No Uncertainty
0.2864285714285714,4.532880416572809e-11,Random walk,EpiFilter,No Uncertainty
0.28893233082706765,3.0835415792452924e-11,Random walk,EpiFilter,No Uncertainty
0.2914360902255639,2.09810591891709e-11,Random walk,EpiFilter,No Uncertainty
0.2939398496240601,1.4280077720227889e-11,Random walk,EpiFilter,No Uncertainty
0.2964436090225564,9.722592283520065e-12,Random walk,EpiFilter,No Uncertainty
0.29894736842105263,6.6222257500341165e-12,Random walk,EpiFilter,No Uncertainty
0.30145112781954886,4.512504614639465e-12,Random walk,EpiFilter,No Uncertainty
0.3039548872180451,3.0764069723824307e-12,Random walk,EpiFilter,No Uncertainty
0.3064586466165413,2.098468123557352e-12,Random walk,EpiFilter,No Uncertainty
0.30896240601503755,1.4322300545037943e-12,Random walk,EpiFilter,No Uncertainty
0.31146616541353384,9.781235580988556e-13,Random walk,EpiFilter,No Uncertainty
0.31396992481203007,6.684412897955581e-13,Random walk,EpiFilter,No Uncertainty
0.3164736842105263,4.571291317397473e-13,Random walk,EpiFilter,No Uncertainty
0.3189774436090225,3.128509461934656e-13,Random walk,EpiFilter,No Uncertainty
0.32148120300751876,2.1427685438926011e-13,Random walk,EpiFilter,No Uncertainty
0.32398496240601504,1.4688179070460225e-13,Random walk,EpiFilter,No Uncertainty
0.3264887218045113,1.0076986693101134e-13,Random walk,EpiFilter,No Uncertainty
0.3289924812030075,6.919552491354766e-14,Random walk,EpiFilter,No Uncertainty
0.33149624060150373,4.755804012608083e-14,Random walk,EpiFilter,No Uncertainty
0.33399999999999996,3.271764183955457e-14,Random walk,EpiFilter,No Uncertainty
0.33650375939849625,2.2530203056157507e-14,Random walk,EpiFilter,No Uncertainty
0.3390075187969925,1.5530510630146308e-14,Random walk,EpiFilter,No Uncertainty
0.3415112781954887,1.0716570613137317e-14,Random walk,EpiFilter,No Uncertainty
0.34401503759398494,7.402643698069666e-15,Random walk,EpiFilter,No Uncertainty
0.34651879699248117,5.119054581958774e-15,Random walk,EpiFilter,No Uncertainty
0.3490225563909774,3.543847910994172e-15,Random walk,EpiFilter,No Uncertainty
0.3515263157894737,2.456138400431807e-15,Random walk,EpiFilter,No Uncertainty
0.3540300751879699,1.7042473702154767e-15,Random walk,EpiFilter,No Uncertainty
0.35653383458646615,1.1839234410844486e-15,Random walk,EpiFilter,No Uncertainty
0.3590375939849624,8.234448487527029e-16,Random walk,EpiFilter,No Uncertainty
0.3615413533834586,5.734210417681141e-16,Random walk,EpiFilter,No Uncertainty
0.3640451127819549,3.9980556340709734e-16,Random walk,EpiFilter,No Uncertainty
0.3665488721804511,2.7910500678905654e-16,Random walk,EpiFilter,No Uncertainty
0.36905263157894735,1.9509094049471228e-16,Random walk,EpiFilter,No Uncertainty
0.3715563909774436,1.365412801984343e-16,Random walk,EpiFilter,No Uncertainty
0.3740601503759398,9.568735939189069e-17,Random walk,EpiFilter,No Uncertainty
0.37656390977443605,6.714518502461909e-17,Random walk,EpiFilter,No Uncertainty
0.37906766917293233,4.717919264518657e-17,Random walk,EpiFilter,No Uncertainty
0.38157142857142856,3.319454595471709e-17,Random walk,EpiFilter,No Uncertainty
0.3840751879699248,2.338667577203885e-17,Random walk,EpiFilter,No Uncertainty
0.386578947368421,1.6499105485896028e-17,Random walk,EpiFilter,No Uncertainty
0.38908270676691725,1.1655924741885904e-17,Random walk,EpiFilter,No Uncertainty
0.39158646616541354,8.245774983103134e-18,Random walk,EpiFilter,No Uncertainty
0.39409022556390977,5.841418325970003e-18,Random walk,EpiFilter,No Uncertainty
0.396593984962406,4.143912776136452e-18,Random walk,EpiFilter,No Uncertainty
0.39909774436090223,2.943821455149598e-18,Random walk,EpiFilter,No Uncertainty
0.40160150375939846,2.094226788425653e-18,Random walk,EpiFilter,No Uncertainty
0.4041052631578947,1.4919349554119147e-18,Random walk,EpiFilter,No Uncertainty
0.406609022556391,1.0643691842871277e-18,Random walk,EpiFilter,No Uncertainty
0.4091127819548872,7.60418993315003e-19,Random walk,EpiFilter,No Uncertainty
0.41161654135338344,5.440435567937707e-19,Random walk,EpiFilter,No Uncertainty
0.41412030075187967,3.897947556307614e-19,Random walk,EpiFilter,No Uncertainty
0.4166240601503759,2.796798902364108e-19,Random walk,EpiFilter,No Uncertainty
0.4191278195488722,2.0096041445907424e-19,Random walk,EpiFilter,No Uncertainty
0.4216315789473684,1.446054655530541e-19,Random walk,EpiFilter,No Uncertainty
0.42413533834586464,1.0420402329214846e-19,Random walk,EpiFilter,No Uncertainty
0.4266390977443609,7.519869953504594e-20,Random walk,EpiFilter,No Uncertainty
0.4291428571428571,5.434536577630519e-20,Random walk,EpiFilter,No Uncertainty
0.43164661654135333,3.933155684676452e-20,Random walk,EpiFilter,No Uncertainty
0.4341503759398496,2.850664476500768e-20,Random walk,EpiFilter,No Uncertainty
0.43665413533834585,2.069079373195857e-20,Random walk,EpiFilter,No Uncertainty
0.4391578947368421,1.5039515522864504e-20,Random walk,EpiFilter,No Uncertainty
0.4416616541353383,1.0947516120601464e-20,Random walk,EpiFilter,No Uncertainty
0.44416541353383454,7.980344515166073e-21,Random walk,EpiFilter,No Uncertainty
0.4466691729323308,5.825739820270363e-21,Random walk,EpiFilter,No Uncertainty
0.44917293233082706,4.258953316723072e-21,Random walk,EpiFilter,No Uncertainty
0.4516766917293233,3.117998043717396e-21,Random walk,EpiFilter,No Uncertainty
0.4541804511278195,2.2859600754379087e-21,Random walk,EpiFilter,No Uncertainty
0.45668421052631575,1.6783395930528597e-21,Random walk,EpiFilter,No Uncertainty
0.459187969924812,1.233979270238367e-21,Random walk,EpiFilter,No Uncertainty
0.46169172932330826,9.085545852726863e-22,Random walk,EpiFilter,No Uncertainty
0.4641954887218045,6.698962088977219e-22,Random walk,EpiFilter,No Uncertainty
0.4666992481203007,4.94624291390991e-22,Random walk,EpiFilter,No Uncertainty
0.46920300751879696,3.6572342232425207e-22,Random walk,EpiFilter,No Uncertainty
0.4717067669172932,2.7079298578140923e-22,Random walk,EpiFilter,No Uncertainty
0.47421052631578947,2.0078309432929168e-22,Random walk,EpiFilter,No Uncertainty
0.4767142857142857,1.4908010038450623e-22,Random walk,EpiFilter,No Uncertainty
0.47921804511278193,1.1084411261216563e-22,Random walk,EpiFilter,No Uncertainty
0.48172180451127816,8.252842257879808e-23,Random walk,EpiFilter,No Uncertainty
0.4842255639097744,6.153041967900907e-23,Random walk,EpiFilter,No Uncertainty
0.4867293233082706,4.5937675684665257e-23,Random walk,EpiFilter,No Uncertainty
0.4892330827067669,3.4343004128323924e-23,Random walk,EpiFilter,No Uncertainty
0.49173684210526314,2.570957651366838e-23,Random walk,EpiFilter,No Uncertainty
0.49424060150375937,1.9272414578059476e-23,Random walk,EpiFilter,No Uncertainty
0.4967443609022556,1.4466352101582936e-23,Random walk,EpiFilter,No Uncertainty
0.49924812030075183,1.0873283293113523e-23,Random walk,EpiFilter,No Uncertainty
0.5017518796992481,8.183482676611947e-24,Random walk,EpiFilter,No Uncertainty
0.5042556390977444,6.1672051653291484e-24,Random walk,EpiFilter,No Uncertainty
0.5067593984962405,4.653806446423635e-24,Random walk,EpiFilter,No Uncertainty
0.5092631578947369,3.516371990066034e-24,Random walk,EpiFilter,No Uncertainty
0.5117669172932331,2.6603864340263633e-24,Random walk,EpiFilter,No Uncertainty
0.5142706766917293,2.0153703257345855e-24,Random walk,EpiFilter,No Uncertainty
0.5167744360902256,1.5286990209171015e-24,Random walk,EpiFilter,No Uncertainty
0.5192781954887218,1.1610284054493325e-24,Random walk,EpiFilter,No Uncertainty
0.521781954887218,8.82905334122522e-25,Random walk,EpiFilter,No Uncertainty
0.5242857142857144,6.722526976242126e-25,Random walk,EpiFilter,No Uncertainty
0.5267894736842105,5.1250102564438885e-25,Random walk,EpiFilter,No Uncertainty
0.5292932330827068,3.911986324315457e-25,Random walk,EpiFilter,No Uncertainty
0.5317969924812029,2.9897641597740205e-25,Random walk,EpiFilter,No Uncertainty
0.5343007518796993,2.2877583086375552e-25,Random walk,EpiFilter,No Uncertainty
0.5368045112781955,1.7527239961058183e-25,Random walk,EpiFilter,No Uncertainty
0.5393082706766917,1.3444469344566385e-25,Random walk,EpiFilter,No Uncertainty
0.541812030075188,1.0325167041752046e-25,Random walk,EpiFilter,No Uncertainty
0.5443157894736842,7.939082810727284e-26,Random walk,EpiFilter,No Uncertainty
0.5468195488721804,6.111670445153157e-26,Random walk,EpiFilter,No Uncertainty
0.5493233082706768,4.7104499433562826e-26,Random walk,EpiFilter,No Uncertainty
0.5518270676691729,3.63474743593728e-26,Random walk,EpiFilter,No Uncertainty
0.5543308270676692,2.807966826960077e-26,Random walk,EpiFilter,No Uncertainty
0.5568345864661653,2.1717613438952622e-26,Random walk,EpiFilter,No Uncertainty
0.5593383458646617,1.6816326020152886e-26,Random walk,EpiFilter,No Uncertainty
0.5618421052631578,1.303603547379284e-26,Random walk,EpiFilter,No Uncertainty
0.5643458646616542,1.011700223875896e-26,Random walk,EpiFilter,No Uncertainty
0.5668496240601504,7.860434624413046e-27,Random walk,EpiFilter,No Uncertainty
0.5693533834586466,6.114010531679617e-27,Random walk,EpiFilter,No Uncertainty
0.5718571428571428,4.760879889602393e-27,Random walk,EpiFilter,No Uncertainty
0.5743609022556391,3.711301218690266e-27,Random walk,EpiFilter,No Uncertainty
0.5768646616541353,2.8962739856525798e-27,Random walk,EpiFilter,No Uncertainty
0.5793684210526316,2.2626848716850847e-27,Random walk,EpiFilter,No Uncertainty
0.5818721804511278,1.769603759489095e-27,Random walk,EpiFilter,No Uncertainty
0.5843759398496241,1.3854538660590121e-27,Random walk,EpiFilter,No Uncertainty
0.5868796992481202,1.0858472634458694e-27,Random walk,EpiFilter,No Uncertainty
0.5893834586466166,8.51927462540034e-28,Random walk,EpiFilter,No Uncertainty
0.5918872180451128,6.690988462709834e-28,Random walk,EpiFilter,No Uncertainty
0.594390977443609,5.260515718720781e-28,Random walk,EpiFilter,No Uncertainty
0.5968947368421053,4.140124007014388e-28,Random walk,EpiFilter,No Uncertainty
0.5993984962406015,3.261684740943493e-28,Random walk,EpiFilter,No Uncertainty
0.6019022556390977,2.572236250150524e-28,Random walk,EpiFilter,No Uncertainty
0.6044060150375941,2.030563693679786e-28,Random walk,EpiFilter,No Uncertainty
0.6069097744360902,1.6045598997867853e-28,Random walk,EpiFilter,No Uncertainty
0.6094135338345865,1.2691866307713521e-28,Random walk,EpiFilter,No Uncertainty
0.6119172932330826,1.0048979911277761e-28,Random walk,EpiFilter,No Uncertainty
0.614421052631579,7.964199266747676e-29,Random walk,EpiFilter,No Uncertainty
0.6169248120300752,6.318043920642973e-29,Random walk,EpiFilter,No Uncertainty
0.6194285714285714,5.01695606665475e-29,Random walk,EpiFilter,No Uncertainty
0.6219323308270677,3.987602495266052e-29,Random walk,EpiFilter,No Uncertainty
0.6244360902255639,3.172445079085956e-29,Random walk,EpiFilter,No Uncertainty
0.6269398496240601,2.526293852889608e-29,Random walk,EpiFilter,No Uncertainty
0.6294436090225564,2.0136219880173357e-29,Random walk,EpiFilter,No Uncertainty
0.6319473684210526,1.606472138758333e-29,Random walk,EpiFilter,No Uncertainty
0.6344511278195489,1.2828222717177395e-29,Random walk,EpiFilter,No Uncertainty
0.636954887218045,1.0253088649826795e-29,Random walk,EpiFilter,No Uncertainty
0.6394586466165414,8.202283367619954e-30,Random walk,EpiFilter,No Uncertainty
0.6419624060150375,6.56755305460782e-30,Random walk,EpiFilter,No Uncertainty
0.6444661654135339,5.263299999089847e-30,Random walk,EpiFilter,No Uncertainty
0.6469699248120301,4.2217775369077475e-30,Random walk,EpiFilter,No Uncertainty
0.6494736842105263,3.389317408795438e-30,Random walk,EpiFilter,No Uncertainty
0.6519774436090225,2.7233648724102135e-30,Random walk,EpiFilter,No Uncertainty
0.6544812030075188,2.1901464075251757e-30,Random walk,EpiFilter,No Uncertainty
0.656984962406015,1.7628333119435196e-30,Random walk,EpiFilter,No Uncertainty
0.6594887218045113,1.4200943973279148e-30,Random walk,EpiFilter,No Uncertainty
0.6619924812030075,1.1449542806261975e-30,Random walk,EpiFilter,No Uncertainty
0.6644962406015038,9.238919131234967e-31,Random walk,EpiFilter,No Uncertainty
0.6669999999999999,7.461281435616642e-31,Random walk,EpiFilter,No Uncertainty
0.6695037593984963,6.030621630242016e-31,Random walk,EpiFilter,No Uncertainty
0.6720075187969925,4.878253158503517e-31,Random walk,EpiFilter,No Uncertainty
0.6745112781954887,3.94927516765557e-31,Random walk,EpiFilter,No Uncertainty
0.677015037593985,3.199768041088584e-31,Random walk,EpiFilter,No Uncertainty
0.6795187969924812,2.594567046196759e-31,Random walk,EpiFilter,No Uncertainty
0.6820225563909774,2.10549337160047e-31,Random walk,EpiFilter,No Uncertainty
0.6845263157894736,1.70994735997925e-31,Random walk,EpiFilter,No Uncertainty
0.6870300751879699,1.3897888079469234e-31,Random walk,EpiFilter,No Uncertainty
0.6895338345864662,1.1304449873356363e-31,Random walk,EpiFilter,No Uncertainty
0.6920375939849623,9.201994679666735e-32,Random walk,EpiFilter,No Uncertainty
0.6945413533834587,7.496246134289691e-32,Random walk,EpiFilter,No Uncertainty
0.6970451127819548,6.111283438168871e-32,Random walk,EpiFilter,No Uncertainty
0.6995488721804511,4.985918554121246e-32,Random walk,EpiFilter,No Uncertainty
0.7020526315789474,4.0707980367719924e-32,Random walk,EpiFilter,No Uncertainty
0.7045563909774436,3.3260826456889755e-32,Random walk,EpiFilter,No Uncertainty
0.7070601503759398,2.719588035684678e-32,Random walk,EpiFilter,No Uncertainty
0.7095639097744361,2.225293696110989e-32,Random walk,EpiFilter,No Uncertainty
0.7120676691729323,1.8221462417274822e-32,Random walk,EpiFilter,No Uncertainty
0.7145714285714286,1.4930981788413158e-32,Random walk,EpiFilter,No Uncertainty
0.7170751879699248,1.2243351995328122e-32,Random walk,EpiFilter,No Uncertainty
0.7195789473684211,1.0046545381316186e-32,Random walk,EpiFilter,No Uncertainty
0.7220827067669172,8.249644662936016e-33,Random walk,EpiFilter,No Uncertainty
0.7245864661654136,6.778810075994021e-33,Random walk,EpiFilter,No Uncertainty
0.7270902255639098,5.574027368865704e-33,Random walk,EpiFilter,No Uncertainty
0.729593984962406,4.5864834467298706e-33,Random walk,EpiFilter,No Uncertainty
0.7320977443609022,3.776446917889245e-33,Random walk,EpiFilter,No Uncertainty
0.7346015037593985,3.111555112137475e-33,Random walk,EpiFilter,No Uncertainty
0.7371052631578947,2.565428580317934e-33,Random walk,EpiFilter,No Uncertainty
0.7396090225563909,2.116549635154409e-33,Random walk,EpiFilter,No Uncertainty
0.7421127819548872,1.7473539436519464e-33,Random walk,EpiFilter,No Uncertainty
0.7446165413533835,1.4434941568527038e-33,Random walk,EpiFilter,No Uncertainty
0.7471203007518796,1.1932425615954948e-33,Random walk,EpiFilter,No Uncertainty
0.749624060150376,9.870061577765653e-34,Random walk,EpiFilter,No Uncertainty
0.7521278195488721,8.169327194753995e-34,Random walk,EpiFilter,No Uncertainty
0.7546315789473684,6.765905411944981e-34,Random walk,EpiFilter,No Uncertainty
0.7571353383458647,5.6070790261358915e-34,Random walk,EpiFilter,No Uncertainty
0.7596390977443609,4.649609672566822e-34,Random walk,EpiFilter,No Uncertainty
0.7621428571428571,3.85800990833504e-34,Random walk,EpiFilter,No Uncertainty
0.7646466165413534,3.2031345645542653e-34,Random walk,EpiFilter,No Uncertainty
0.7671503759398496,2.6610315870883275e-34,Random walk,EpiFilter,No Uncertainty
0.7696541353383459,2.212003926002809e-34,Random walk,EpiFilter,No Uncertainty
0.772157894736842,1.8398431952647968e-34,Random walk,EpiFilter,No Uncertainty
0.7746616541353384,1.5312032304181346e-34,Random walk,EpiFilter,No Uncertainty
0.7771654135338345,1.2750876637286986e-34,Random walk,EpiFilter,No Uncertainty
0.7796691729323308,1.062430487035556e-34,Random walk,EpiFilter,No Uncertainty
0.7821729323308271,8.857525023798311e-35,Random walk,EpiFilter,No Uncertainty
0.7846766917293233,7.388797464656574e-35,Random walk,EpiFilter,No Uncertainty
0.7871804511278195,6.167125596761291e-35,Random walk,EpiFilter,No Uncertainty
0.7896842105263158,5.150360687228166e-35,Random walk,EpiFilter,No Uncertainty
0.792187969924812,4.303645566684557e-35,Random walk,EpiFilter,No Uncertainty
0.7946917293233082,3.5981357984827383e-35,Random walk,EpiFilter,No Uncertainty
0.7971954887218045,3.0099481854575165e-35,Random walk,EpiFilter,No Uncertainty
0.7996992481203008,2.519295659475743e-35,Random walk,EpiFilter,No Uncertainty
0.8022030075187969,2.1097750742522617e-35,Random walk,EpiFilter,No Uncertainty
0.8047067669172933,1.7677805149475815e-35,Random walk,EpiFilter,No Uncertainty
0.8072105263157894,1.4820197079013347e-35,Random walk,EpiFilter,No Uncertainty
0.8097142857142857,1.2431151700758626e-35,Random walk,EpiFilter,No Uncertainty
0.812218045112782,1.0432750505684737e-35,Random walk,EpiFilter,No Uncertainty
0.8147218045112782,8.76021323820853e-36,Random walk,EpiFilter,No Uncertainty
0.8172255639097744,7.359652080531476e-36,Random walk,EpiFilter,No Uncertainty
0.8197293233082706,6.186214940235356e-36,Random walk,EpiFilter,No Uncertainty
0.8222330827067669,5.202549524752074e-36,Random walk,EpiFilter,No Uncertainty
0.8247368421052632,4.377532039081008e-36,Random walk,EpiFilter,No Uncertainty
0.8272406015037593,3.6852143056429404e-36,Random walk,EpiFilter,No Uncertainty
0.8297443609022557,3.103951277779243e-36,Random walk,EpiFilter,No Uncertainty
0.8322481203007518,2.6156776265551375e-36,Random walk,EpiFilter,No Uncertainty
0.8347518796992481,2.2053075899748607e-36,Random walk,EpiFilter,No Uncertainty
0.8372556390977444,1.860236801505666e-36,Random walk,EpiFilter,No Uncertainty
0.8397593984962406,1.569928538025074e-36,Random walk,EpiFilter,No Uncertainty
0.8422631578947368,1.325569890698347e-36,Random walk,EpiFilter,No Uncertainty
0.844766917293233,1.1197858844009817e-36,Random walk,EpiFilter,No Uncertainty
0.8472706766917293,9.464016488734466e-37,Random walk,EpiFilter,No Uncertainty
0.8497744360902256,8.002444572629489e-37,Random walk,EpiFilter,No Uncertainty
0.8522781954887217,6.769788600161367e-37,Random walk,EpiFilter,No Uncertainty
0.8547819548872181,5.729693075164553e-37,Random walk,EpiFilter,No Uncertainty
0.8572857142857142,4.851656171464285e-37,Random walk,EpiFilter,No Uncertainty
0.8597894736842105,4.110074354313233e-37,Random walk,EpiFilter,No Uncertainty
0.8622932330827067,3.4834450305201207e-37,Random walk,EpiFilter,No Uncertainty
0.864796992481203,2.953700740273992e-37,Random walk,EpiFilter,No Uncertainty
0.8673007518796992,2.5056529013431705e-37,Random walk,EpiFilter,No Uncertainty
0.8698045112781955,2.1265268403502896e-37,Random walk,EpiFilter,No Uncertainty
0.8723082706766917,1.8055729311072377e-37,Random walk,EpiFilter,No Uncertainty
0.8748120300751879,1.5337412173059816e-37,Random walk,EpiFilter,No Uncertainty
0.8773157894736842,1.3034090178161552e-37,Random walk,EpiFilter,No Uncertainty
0.8798195488721805,1.1081527728136955e-37,Random walk,EpiFilter,No Uncertainty
0.8823233082706766,9.4255685016692e-38,Random walk,EpiFilter,No Uncertainty
0.884827067669173,8.020532453295983e-38,Random walk,EpiFilter,No Uncertainty
0.8873308270676691,6.827871168102728e-38,Random walk,EpiFilter,No Uncertainty
0.8898345864661654,5.815039382090616e-38,Random walk,EpiFilter,No Uncertainty
0.8923383458646617,4.954547457808228e-38,Random walk,EpiFilter,No Uncertainty
0.8948421052631579,4.2231654150402146e-38,Random walk,EpiFilter,No Uncertainty
0.8973458646616541,3.601253955365107e-38,Random walk,EpiFilter,No Uncertainty
0.8998496240601503,3.0722019517512917e-38,Random walk,EpiFilter,No Uncertainty
0.9023533834586466,2.621953236133771e-38,Random walk,EpiFilter,No Uncertainty
0.9048571428571429,2.238608322092745e-38,Random walk,EpiFilter,No Uncertainty
0.907360902255639,1.9120890400213347e-38,Random walk,EpiFilter,No Uncertainty
0.9098646616541354,1.6338560161489534e-38,Random walk,EpiFilter,No Uncertainty
0.9123684210526315,1.3966705591834107e-38,Random walk,EpiFilter,No Uncertainty
0.9148721804511278,1.194393882624814e-38,Random walk,EpiFilter,No Uncertainty
0.917375939849624,1.0218177316606271e-38,Random walk,EpiFilter,No Uncertainty
0.9198796992481203,8.745214379788136e-39,Random walk,EpiFilter,No Uncertainty
0.9223834586466165,7.487512247345489e-39,Random walk,EpiFilter,No Uncertainty
0.9248872180451128,6.413182528850231e-39,Random walk,EpiFilter,No Uncertainty
0.927390977443609,5.495124606176504e-39,Random walk,EpiFilter,No Uncertainty
0.9298947368421052,4.710297173938016e-39,Random walk,EpiFilter,No Uncertainty
0.9323984962406014,4.039102081439201e-39,Random walk,EpiFilter,No Uncertainty
0.9349022556390978,3.464862936837728e-39,Random walk,EpiFilter,No Uncertainty
0.9374060150375939,2.973383709090084e-39,Random walk,EpiFilter,No Uncertainty
0.9399097744360903,2.5525748932673232e-39,Random walk,EpiFilter,No Uncertainty
0.9424135338345864,2.1921367625549176e-39,Random walk,EpiFilter,No Uncertainty
0.9449172932330827,1.88329087574616e-39,Random walk,EpiFilter,No Uncertainty
0.9474210526315789,1.6185523928814507e-39,Random walk,EpiFilter,No Uncertainty
0.9499248120300752,1.3915369157872904e-39,Random walk,EpiFilter,No Uncertainty
0.9524285714285714,1.1967965502310094e-39,Random walk,EpiFilter,No Uncertainty
0.9549323308270676,1.0296807114627467e-39,Random walk,EpiFilter,No Uncertainty
0.9574360902255639,8.862178900677258e-40,Random walk,EpiFilter,No Uncertainty
0.9599398496240602,7.630151808716614e-40,Random walk,EpiFilter,No Uncertainty
0.9624436090225563,6.5717287162511625e-40,Random walk,EpiFilter,No Uncertainty
0.9649473684210527,5.662118048537069e-40,Random walk,EpiFilter,No Uncertainty
0.9674511278195488,4.880115779213324e-40,Random walk,EpiFilter,No Uncertainty
0.9699548872180451,4.2075794321674226e-40,Random walk,EpiFilter,No Uncertainty
0.9724586466165412,3.6289802112995706e-40,Random walk,EpiFilter,No Uncertainty
0.9749624060150376,3.1310215036485034e-40,Random walk,EpiFilter,No Uncertainty
0.9774661654135338,2.7023137924641336e-40,Random walk,EpiFilter,No Uncertainty
0.97996992481203,2.3330975315158968e-40,Random walk,EpiFilter,No Uncertainty
0.9824736842105263,2.0150068135442705e-40,Random walk,EpiFilter,No Uncertainty
0.9849774436090225,1.7408677503641094e-40,Random walk,EpiFilter,No Uncertainty
0.9874812030075187,1.504526400666669e-40,Random walk,EpiFilter,No Uncertainty
0.9899849624060151,1.3007018595516132e-40,Random walk,EpiFilter,No Uncertainty
0.9924887218045112,1.124860783149005e-40,Random walk,EpiFilter,No Uncertainty
0.9949924812030075,9.7311018067e-41,Random walk,EpiFilter,No Uncertainty
0.9974962406015037,8.42105780279269e-41,Random walk,EpiFilter,No Uncertainty
1.0,7.289736774078502e-41,Random walk,EpiFilter,No Uncertainty
