"t","Mean","Lower","Upper","variable","CRPS","simulation","TrueValue"
1,1.36920269307181,0.638809359545258,2.21228795346884,"R",NA,"Random walk",1.05075579797784
2,1.36776327169701,0.681457406549076,2.13120733050101,"R",NA,"Random walk",1.15900937123493
3,1.36650323288806,0.730831765862519,2.03846504985681,"R",NA,"Random walk",1.27904687521183
4,1.36516931405247,0.780726376631291,1.94905002429155,"R",NA,"Random walk",1.25432592311175
5,1.36351099157181,0.830339218951297,1.86520934337129,"R",NA,"Random walk",1.21901276609247
6,1.36129970690131,0.889315031669309,1.80521117707104,"R",NA,"Random walk",1.31982461556305
7,1.35834433924572,0.94214636414172,1.73588929893141,"R",NA,"Random walk",1.33426741549276
8,1.35450013758234,0.990386406780111,1.67204041138796,"R",NA,"Random walk",1.33722605619131
9,1.34966922699661,1.03753896284108,1.61387829166936,"R",NA,"Random walk",1.38122648595819
10,1.34379255853118,1.08315558319182,1.56791000040547,"R",NA,"Random walk",1.46980665176169
11,1.33683527395106,1.11722258473375,1.5229669317727,"R",NA,"Random walk",1.25954778340346
12,1.32876906951744,1.14315439862117,1.48404984249777,"R",NA,"Random walk",1.3479105093351
13,1.31955564887373,1.16491025043128,1.44946467769089,"R",NA,"Random walk",1.35394452271656
14,1.30913473932067,1.18184599020351,1.42183174226987,"R",NA,"Random walk",1.43794293409087
15,1.29741889424554,1.19129796221338,1.39826007192539,"R",NA,"Random walk",1.32395180390399
16,1.28429598464821,1.19357990119096,1.37115329118215,"R",NA,"Random walk",1.29365707384879
17,1.26963917928586,1.18808823624288,1.35050303145738,"R",NA,"Random walk",1.19042944124553
18,1.25332325623702,1.17577366078286,1.33069334477277,"R",NA,"Random walk",1.02019672710724
19,1.23524507026156,1.16287251050511,1.31604874972605,"R",NA,"Random walk",1.13748865883978
20,1.21534489602045,1.14832003016849,1.29655553786004,"R",NA,"Random walk",1.2926471263587
21,1.19362451758196,1.1245242329424,1.27337279227099,"R",NA,"Random walk",1.24790806219295
22,1.17015791397512,1.10023342807016,1.25020558374868,"R",NA,"Random walk",1.26992577182373
23,1.14509161665107,1.07574932252712,1.22345024496309,"R",NA,"Random walk",1.37300234856143
24,1.11863416848695,1.05254350798403,1.19363457022,"R",NA,"Random walk",1.26157750118038
25,1.0910368678774,1.02501349140323,1.16377722571958,"R",NA,"Random walk",1.24239833405177
26,1.0625701324766,0.997780613023268,1.13359981585318,"R",NA,"Random walk",1.15133041435367
27,1.03350062090975,0.97053199260561,1.10451348816177,"R",NA,"Random walk",0.937442694472502
28,1.00407359050914,0.941976934598742,1.07341767694301,"R",NA,"Random walk",0.80466476571653
29,0.974503318520012,0.913579698375396,1.0425807402696,"R",NA,"Random walk",0.83997253619983
30,0.944972470953253,0.884998549220691,1.01212868600801,"R",NA,"Random walk",0.770540542072998
31,0.915639594457995,0.85699564339547,0.982272538266643,"R",NA,"Random walk",0.876339512072316
32,0.886652622031519,0.83081674356516,0.950940072239283,"R",NA,"Random walk",0.935836791908507
33,0.858165377525182,0.803180192498943,0.918925835726806,"R",NA,"Random walk",0.946752658260147
34,0.830353487981645,0.777698236411162,0.886225535929608,"R",NA,"Random walk",0.938354461845845
35,0.803425986937637,0.75338783730152,0.857195742872344,"R",NA,"Random walk",0.922556578053314
36,0.77762947873437,0.729343683249183,0.828438117944541,"R",NA,"Random walk",0.972493464862293
37,0.7532432013948,0.703316350340385,0.802129028835337,"R",NA,"Random walk",0.875822968174508
38,0.7305654565841,0.679655694710987,0.77763930220189,"R",NA,"Random walk",0.848120494406299
39,0.709893995883218,0.659117348561219,0.757381191394045,"R",NA,"Random walk",0.649925608997018
40,0.69150423447701,0.638181143473248,0.740177966813932,"R",NA,"Random walk",0.658019222189197
41,0.675629123923286,0.616511674651008,0.724714538916517,"R",NA,"Random walk",0.736653639942764
42,0.66244332083064,0.601720846040806,0.712695898160874,"R",NA,"Random walk",0.534615273272704
43,0.652052616968016,0.590367515795483,0.703413684363034,"R",NA,"Random walk",0.528510247902397
44,0.644488213926282,0.584049089951588,0.694855692661316,"R",NA,"Random walk",0.508145468302673
45,0.639704807345673,0.581391991178832,0.688113758516711,"R",NA,"Random walk",0.44697277599999
46,0.63758165356333,0.582595759691924,0.684639973400824,"R",NA,"Random walk",0.514484786149741
47,0.637926560580626,0.586663017683307,0.684316306731446,"R",NA,"Random walk",0.687666652758221
48,0.640483636904823,0.593168739832683,0.686686342612955,"R",NA,"Random walk",0.68915182037088
49,0.644946162267417,0.59899210074832,0.692469031478007,"R",NA,"Random walk",0.724661142715747
50,0.650975700388822,0.605898345126255,0.70383032620549,"R",NA,"Random walk",0.840263024138111
51,0.658227366120409,0.612255119815059,0.715840504169958,"R",NA,"Random walk",0.976407115736378
52,0.666379197664866,0.619381880443181,0.730047595363181,"R",NA,"Random walk",0.809572465850976
53,0.675161549677503,0.626877184401341,0.741456626511905,"R",NA,"Random walk",0.735767795852321
54,0.684381259320143,0.63575209027197,0.752243291120263,"R",NA,"Random walk",0.682530545189007
55,0.693935765029479,0.644133260052865,0.761278763518418,"R",NA,"Random walk",0.645923232664183
56,0.703814393312217,0.651930188826962,0.769784937923283,"R",NA,"Random walk",0.653307826746064
57,0.714086909936579,0.660349943930948,0.777362901019894,"R",NA,"Random walk",0.654546787631544
58,0.724882053298287,0.670729756132857,0.787656381699904,"R",NA,"Random walk",0.740303004888021
59,0.736360300670196,0.682214083771577,0.79455984481773,"R",NA,"Random walk",0.629911413056697
60,0.748685362277494,0.691236731880293,0.805689659477581,"R",NA,"Random walk",0.66478464188997
61,0.76199819861486,0.702069101309581,0.819718401044439,"R",NA,"Random walk",0.599627547992097
62,0.776396261867762,0.715690232494104,0.83594360711411,"R",NA,"Random walk",0.623908199446909
63,0.791919608176476,0.729713008249913,0.851572603178084,"R",NA,"Random walk",0.6598634125902
64,0.80854469838683,0.742505765016576,0.870536370766914,"R",NA,"Random walk",0.717115543950159
65,0.826186064544661,0.759880171956821,0.888468219329775,"R",NA,"Random walk",0.925592364770454
66,0.844705420532195,0.77800021249001,0.907754062955164,"R",NA,"Random walk",0.987107738116638
67,0.863927098144929,0.797580194908829,0.929352912610939,"R",NA,"Random walk",1.02435827657331
68,0.883657857029195,0.816240768783341,0.952310961889333,"R",NA,"Random walk",0.873799137534769
69,0.90370826754977,0.83318567403109,0.976740333020688,"R",NA,"Random walk",0.909444023549459
70,0.923912264245012,0.852949288203798,0.996216950804669,"R",NA,"Random walk",0.976222168201091
71,0.944141424306649,0.873243253818773,1.01773817715993,"R",NA,"Random walk",0.996468476611257
72,0.964311235839724,0.891763296924626,1.03776923052427,"R",NA,"Random walk",1.09900209489661
73,0.984378029682902,0.908990080290727,1.06091310084659,"R",NA,"Random walk",0.943010942561359
74,1.00432703536946,0.927249204942626,1.08138588044081,"R",NA,"Random walk",0.976883460044748
75,1.0241537230488,0.943075864276708,1.10147725552065,"R",NA,"Random walk",0.961959830272741
76,1.04384179199103,0.959221535435615,1.12421721039141,"R",NA,"Random walk",1.0091507222337
77,1.0633416390873,0.977014670371832,1.14521030177066,"R",NA,"Random walk",0.935757419047802
78,1.0825528992125,0.996752781771809,1.16585813423195,"R",NA,"Random walk",0.913152537129962
79,1.10131388268508,1.01604099382622,1.1860865501148,"R",NA,"Random walk",1.04529031057593
80,1.11939969915779,1.0346077980397,1.20411341165667,"R",NA,"Random walk",1.01211333437453
81,1.13652976247151,1.05029858711033,1.22105700802146,"R",NA,"Random walk",1.19935431101699
82,1.15238431114558,1.06903552871606,1.23939919138881,"R",NA,"Random walk",1.38549521020649
83,1.16662853231539,1.08423354260359,1.25837309535084,"R",NA,"Random walk",1.09715233869553
84,1.17894179193615,1.09859864273351,1.27276591723434,"R",NA,"Random walk",1.0743656787913
85,1.18904841384097,1.10687308504452,1.28237862113712,"R",NA,"Random walk",1.02816103456437
86,1.19674569425617,1.11505400504776,1.28949000787049,"R",NA,"Random walk",1.16846520553051
87,1.20192481866714,1.11830349283231,1.29247206693687,"R",NA,"Random walk",1.11991873158349
88,1.2045813851284,1.11778521403053,1.29891430976448,"R",NA,"Random walk",1.23624808384336
89,1.20481423499512,1.11769123992721,1.29617351836525,"R",NA,"Random walk",1.20476686479896
90,1.20281365160989,1.11940443551803,1.29635225725536,"R",NA,"Random walk",1.32892576555317
91,1.19884188613807,1.11533638612539,1.2926733348446,"R",NA,"Random walk",1.16025228126673
92,1.19320981554405,1.10873476676098,1.28853726349984,"R",NA,"Random walk",1.16722749201144
93,1.18625327242043,1.09691118987978,1.28575036273433,"R",NA,"Random walk",1.10382527773161
94,1.1783116275468,1.08610416593084,1.2805092418535,"R",NA,"Random walk",1.06947027708051
95,1.16971012077223,1.06879192932404,1.27804965276103,"R",NA,"Random walk",1.23422323504758
96,1.16074660926688,1.04682703195226,1.28214118154869,"R",NA,"Random walk",1.13784316826739
97,1.15168290335633,1.02327702380649,1.28417087783655,"R",NA,"Random walk",1.038436717091
98,1.14274053163308,0.992489986288364,1.30318273769942,"R",NA,"Random walk",1.14171462316315
99,1.1341004368537,0.966218463426954,1.31776014819052,"R",NA,"Random walk",1.07461161679909
100,1.12590571016728,0.93460638608091,1.34375516358073,"R",NA,"Random walk",1.08570007889435
1,117.736,77,168.0125,"I",5.84361100000002,"Random walk",109
2,126.7635,83.9875,181.0125,"I",5.02081325,"Random walk",123
3,124.8115,82,174,"I",6.16537924999999,"Random walk",132
4,127.458,83.9875,178,"I",4.806449,"Random walk",130
5,139.1465,95,195,"I",5.81971524999998,"Random walk",132
6,130.6915,88,181,"I",6.05673325,"Random walk",138
7,138.723,93,189,"I",5.876362,"Random walk",144
8,153.248,103,212,"I",5.700103,"Random walk",154
9,172.591,120,242.0125,"I",6.4681895,"Random walk",166
10,173.4135,121,244.0125,"I",6.93091025,"Random walk",179
11,176.746,117.9875,243.0125,"I",13.017634,"Random walk",154
12,193.8525,130.9875,270,"I",8.46505325,"Random walk",203
13,177.867,122,244.0125,"I",7.06601299999999,"Random walk",184
14,187.543,130,264,"I",27.2213615,"Random walk",228
15,206.0715,143.975,280,"I",8.56972924999998,"Random walk",194
16,228.802,162,314.0125,"I",13.798654,"Random walk",204
17,225.6145,156,308.0125,"I",9.76108424999999,"Random walk",211
18,227.5645,161,309.0125,"I",9.89331425000001,"Random walk",212
19,242.8575,170.9875,336,"I",28.16950125,"Random walk",197
20,221.73,155,306.025,"I",8.88847400000001,"Random walk",230
21,226.9615,158.9875,302.0125,"I",11.72616575,"Random walk",244
22,244.109,174,326.0125,"I",12.669792,"Random walk",223
23,262.2715,179.975,351.0125,"I",11.12585325,"Random walk",276
24,252.258,177.975,346,"I",20.78774,"Random walk",285
25,245.669,165,337,"I",33.2150715,"Random walk",296
26,257.304,185.9875,348.0125,"I",15.325792,"Random walk",281
27,226.945,156,309.0125,"I",14.346245,"Random walk",202
28,223.6205,154,305,"I",8.23830275,"Random walk",215
29,231.214,159.9875,318,"I",15.72803,"Random walk",204
30,239.6045,165,325,"I",43.34364925,"Random walk",177
31,223.003,156,305.0125,"I",7.73077000000001,"Random walk",221
32,210.321,145,288.0125,"I",12.3057905,"Random walk",229
33,211.196,146,291,"I",7.1048725,"Random walk",208
34,179.249,117.9875,244.0125,"I",8.0963375,"Random walk",189
35,170.856,117,236,"I",11.6138975,"Random walk",189
36,169.9415,113,232,"I",34.37255675,"Random walk",218
37,171.407,115,236,"I",10.38295,"Random walk",187
38,155.084,106,217.0125,"I",17.891958,"Random walk",183
39,142.534,95,200,"I",7.18581999999999,"Random walk",131
40,137.8595,94.9875,189,"I",4.95645275000001,"Random walk",138
41,114.8295,75.9875,162,"I",10.69264575,"Random walk",132
42,108.7925,73,152,"I",11.87850025,"Random walk",89
43,106.0715,71,149.0125,"I",17.77719025,"Random walk",79
44,106.4505,69.9875,153,"I",10.71492725,"Random walk",88
45,95.77,63,136,"I",17.9725405,"Random walk",69
46,88.3585,57.975,126,"I",3.73213325,"Random walk",89
47,86.896,56.9875,123.0125,"I",16.020726,"Random walk",63
48,72.9045,47,107,"I",4.46718025,"Random walk",79
49,69.6585,44,100,"I",8.80116425000001,"Random walk",55
50,70.0045,43,100,"I",3.09253675,"Random walk",71
51,70.532,44.9875,100,"I",28.313684,"Random walk",106
52,65.075,41,94,"I",3.029002,"Random walk",67
53,60.0305,36,90,"I",2.74236075,"Random walk",61
54,60.293,37,89,"I",11.2707075,"Random walk",77
55,51.406,32,76.0125,"I",2.6028885,"Random walk",48
56,50.3565,31,74.0125,"I",2.29596925,"Random walk",49
57,50.294,30,74.0125,"I",4.253596,"Random walk",57
58,52.089,31,77,"I",7.6024705,"Random walk",64
59,48.3865,30,71,"I",2.35726075,"Random walk",46
60,45.637,27,70,"I",3.766647,"Random walk",39
61,46.798,27,69,"I",2.2566245,"Random walk",45
62,40.2565,23,61,"I",10.62515175,"Random walk",25
63,39.73,23,59,"I",6.7214675,"Random walk",29
64,41.4715,24,62,"I",3.22506675,"Random walk",36
65,43.548,26,64,"I",3.6295465,"Random walk",49
66,41.228,24,61,"I",7.8186675,"Random walk",53
67,40.063,23,59.0125,"I",1.9447615,"Random walk",39
68,41.6585,24,64,"I",2.02628525,"Random walk",42
69,37.361,21,57,"I",2.631086,"Random walk",33
70,37.6465,21,58,"I",3.95888625,"Random walk",44
71,39.738,23,61,"I",5.140156,"Random walk",48
72,43.3475,26,65,"I",2.14021825,"Random walk",44
73,41.533,25,62.0125,"I",2.3376045,"Random walk",38
74,41.4725,24,62,"I",3.62209325,"Random walk",47
75,44.321,26,66,"I",2.1417705,"Random walk",43
76,39.433,23,59,"I",2.354821,"Random walk",36
77,40.998,24,62,"I",2.0290855,"Random walk",40
78,44.328,25.9875,67,"I",5.38887550000001,"Random walk",35
79,48.6105,28,73,"I",2.35428125,"Random walk",46
80,48.137,28,71,"I",6.7711565,"Random walk",37
81,48.376,29,71.0125,"I",4.194259,"Random walk",41
82,52.1705,32,79,"I",20.24231775,"Random walk",78
83,48.1625,28,73,"I",5.23164525000001,"Random walk",39
84,50.016,29.9875,74,"I",3.36798049999999,"Random walk",55
85,54.5595,34,80,"I",2.96842625,"Random walk",58
86,60.3655,37,90,"I",3.15716325,"Random walk",56
87,59.7345,37,88.0125,"I",2.58463275,"Random walk",59
88,60.274,37,88.0125,"I",2.7503225,"Random walk",62
89,65.2095,41,96,"I",5.28637375,"Random walk",56
90,59.062,36,87,"I",17.0033365,"Random walk",82
91,61.8375,37,90,"I",3.39875075,"Random walk",57
92,66.6625,40.9875,97.0125,"I",13.26701825,"Random walk",86
93,72.9825,46,107,"I",4.17985675,"Random walk",66
94,71.8175,45.9875,102,"I",4.28703125,"Random walk",65
95,71.6725,44,104,"I",3.08089225,"Random walk",72
96,76.2975,48,110,"I",3.30371675,"Random walk",73
97,69.426,43,101,"I",4.4759505,"Random walk",62
98,71.684,46,106,"I",4.025614,"Random walk",65
99,76.632,47,113,"I",3.3541075,"Random walk",77
100,82.923,53,122,"I",4.311833,"Random walk",87
1,0.916630468676675,0.226679109014959,1.88540299198562,"R",NA,"Sinusoidal",1
2,0.944915101578965,0.283801369494681,2.02966075418941,"R",NA,"Sinusoidal",1.14737758720545
3,0.97568713385753,0.348267499164447,2.11225212120117,"R",NA,"Sinusoidal",1.28166002903181
4,1.00612947544536,0.418645410920169,2.19399839456773,"R",NA,"Sinusoidal",1.39091574123401
5,1.03235458676522,0.505429248548233,2.1958239014388,"R",NA,"Sinusoidal",1.4654368743221
6,1.05007016896476,0.602124308599476,2.11337552355592,"R",NA,"Sinusoidal",1.49860189859059
7,1.05575325669415,0.69660023822539,1.97576779183785,"R",NA,"Sinusoidal",1.48746395609091
8,1.04791769065756,0.743283088954288,1.79471155885493,"R",NA,"Sinusoidal",1.43301270189222
9,1.02781169792563,0.756740286919544,1.58545574585608,"R",NA,"Sinusoidal",1.34008636888546
10,0.999082540120813,0.769353943647893,1.3574220489808,"R",NA,"Sinusoidal",1.21694186955878
11,0.96655164041512,0.752278218758683,1.14946783922561,"R",NA,"Sinusoidal",1.07452113308809
12,0.934775060899854,0.702018887224456,1.03563326365598,"R",NA,"Sinusoidal",0.925478866911913
13,0.907079245607505,0.647550424625859,1.03064999285347,"R",NA,"Sinusoidal",0.783058130441221
14,0.885331047306464,0.591058277636323,1.02432384502359,"R",NA,"Sinusoidal",0.65991363111454
15,0.870256770809546,0.545186184708306,1.02147263836329,"R",NA,"Sinusoidal",0.566987298107781
16,0.861964152743262,0.518137502594469,1.01886386032531,"R",NA,"Sinusoidal",0.512536043909088
17,0.860407717102591,0.515430873361172,1.01646144179715,"R",NA,"Sinusoidal",0.50139810140941
18,0.86568706745927,0.535468461647971,1.01381227414201,"R",NA,"Sinusoidal",0.534563125677898
19,0.878156175142836,0.583056460228071,1.01185892545977,"R",NA,"Sinusoidal",0.609084258765985
20,0.89833299682652,0.658610958638959,1.01352903013619,"R",NA,"Sinusoidal",0.718339970968189
21,0.926576084107597,0.759677705839879,1.01193844281636,"R",NA,"Sinusoidal",0.852622412794548
22,0.962503947555427,0.893835112138125,1.02101363535679,"R",NA,"Sinusoidal",1
23,1.00424200755516,0.912731098780827,1.18570537051394,"R",NA,"Sinusoidal",1.14737758720545
24,1.04780971351461,0.915241067689515,1.36388902622992,"R",NA,"Sinusoidal",1.28166002903181
25,1.08717905152523,0.917076096873632,1.52762523613213,"R",NA,"Sinusoidal",1.39091574123401
26,1.11545067696615,0.918294547815181,1.64276304401102,"R",NA,"Sinusoidal",1.4654368743221
27,1.12699506893908,0.920658606321071,1.69106233027375,"R",NA,"Sinusoidal",1.49860189859059
28,1.11958383872969,0.921617092234431,1.65795555055232,"R",NA,"Sinusoidal",1.48746395609091
29,1.09525759529504,0.924297886801513,1.55506844417697,"R",NA,"Sinusoidal",1.43301270189222
30,1.05939435426386,0.925455830693921,1.40256919548322,"R",NA,"Sinusoidal",1.34008636888546
31,1.01861286586392,0.926817539164264,1.23073112055217,"R",NA,"Sinusoidal",1.21694186955878
32,0.978739032160171,0.923452743796391,1.06150910637835,"R",NA,"Sinusoidal",1.07452113308809
33,0.943704344927755,0.813249530092369,1.0162719454735,"R",NA,"Sinusoidal",0.925478866911913
34,0.915469066289096,0.705261404733733,1.01514667277868,"R",NA,"Sinusoidal",0.783058130441221
35,0.894552103634134,0.621981869138352,1.011664498273,"R",NA,"Sinusoidal",0.65991363111454
36,0.880698335440771,0.567224283407708,1.00888505626653,"R",NA,"Sinusoidal",0.566987298107781
37,0.873411174456019,0.539166514965033,1.00855421104787,"R",NA,"Sinusoidal",0.512536043909088
38,0.872277053720244,0.535345093906897,1.00970628527446,"R",NA,"Sinusoidal",0.50139810140941
39,0.877109556287273,0.553005595749975,1.00976071215922,"R",NA,"Sinusoidal",0.534563125677898
40,0.887957637348254,0.592059583882263,1.01082666935202,"R",NA,"Sinusoidal",0.609084258765985
41,0.905000027513934,0.654550877323539,1.01117492732698,"R",NA,"Sinusoidal",0.718339970968189
42,0.92832324845675,0.741374305080405,1.01059329265099,"R",NA,"Sinusoidal",0.852622412794548
43,0.957579388075539,0.85591104670116,1.01142268320769,"R",NA,"Sinusoidal",1
44,0.9915611660037,0.930160805001829,1.10498934372684,"R",NA,"Sinusoidal",1.14737758720545
45,1.02782016139067,0.930505459996641,1.25514338072097,"R",NA,"Sinusoidal",1.28166002903181
46,1.06255415232963,0.929660496777144,1.39635824177331,"R",NA,"Sinusoidal",1.39091574123401
47,1.09101124906814,0.929767323992656,1.50908429169413,"R",NA,"Sinusoidal",1.4654368743221
48,1.10849893049375,0.931177310388312,1.57442779279769,"R",NA,"Sinusoidal",1.49860189859059
49,1.11174487569506,0.932199290207485,1.58603429464705,"R",NA,"Sinusoidal",1.48746395609091
50,1.10002942874654,0.932071251532559,1.53756361695068,"R",NA,"Sinusoidal",1.43301270189222
51,1.07549331455489,0.933648582146076,1.43898715019365,"R",NA,"Sinusoidal",1.34008636888546
52,1.04242827497538,0.935211537504236,1.30341748225925,"R",NA,"Sinusoidal",1.21694186955878
53,1.00592216663577,0.937085684490236,1.1485881102001,"R",NA,"Sinusoidal",1.07452113308809
54,0.970527923769025,0.881930008515964,1.02347678740327,"R",NA,"Sinusoidal",0.925478866911913
55,0.939474874063466,0.761333537112998,1.0220852455242,"R",NA,"Sinusoidal",0.783058130441221
56,0.914540608166508,0.66290220599605,1.02317574066856,"R",NA,"Sinusoidal",0.65991363111454
57,0.896379035266813,0.591643376196768,1.02533652582385,"R",NA,"Sinusoidal",0.56698729810778
58,0.885010971610936,0.545095016571526,1.02519830183214,"R",NA,"Sinusoidal",0.512536043909088
59,0.880266830438726,0.52335379921518,1.02669925586173,"R",NA,"Sinusoidal",0.50139810140941
60,0.882092847904061,0.528265428247949,1.02779412736029,"R",NA,"Sinusoidal",0.534563125677898
61,0.890707661707116,0.558642441846885,1.02964846507149,"R",NA,"Sinusoidal",0.609084258765985
62,0.906609051095001,0.613786222799294,1.03121621530137,"R",NA,"Sinusoidal",0.718339970968189
63,0.930403807352367,0.700090856955389,1.03222374267313,"R",NA,"Sinusoidal",0.852622412794549
64,0.962406240582307,0.818511310908793,1.03426290741634,"R",NA,"Sinusoidal",1
65,1.00197800707855,0.94750232218385,1.10309626914196,"R",NA,"Sinusoidal",1.14737758720545
66,1.04672540365936,0.95350629879083,1.28813846360304,"R",NA,"Sinusoidal",1.28166002903181
67,1.09193358486837,0.954794720734009,1.47353374597468,"R",NA,"Sinusoidal",1.39091574123401
68,1.13083393593203,0.956503307093357,1.6338487629368,"R",NA,"Sinusoidal",1.4654368743221
69,1.15613151366617,0.957906982292833,1.73847473032675,"R",NA,"Sinusoidal",1.49860189859059
70,1.16247151805527,0.959323305744842,1.76068952360448,"R",NA,"Sinusoidal",1.48746395609091
71,1.1486212529167,0.960613132343527,1.70297492524591,"R",NA,"Sinusoidal",1.43301270189222
72,1.11800111495526,0.962440517613823,1.57215009483864,"R",NA,"Sinusoidal",1.34008636888546
73,1.07720731490093,0.962048566947951,1.40118055627614,"R",NA,"Sinusoidal",1.21694186955878
74,1.03350646556179,0.961574591582488,1.21724707880247,"R",NA,"Sinusoidal",1.07452113308809
75,0.992743211328273,0.918727483047289,1.06569600137305,"R",NA,"Sinusoidal",0.925478866911912
76,0.958466152848358,0.790039458384133,1.0530382052546,"R",NA,"Sinusoidal",0.783058130441221
77,0.932151569316088,0.691140030321476,1.05286718397814,"R",NA,"Sinusoidal",0.65991363111454
78,0.913942773963318,0.622438866429596,1.04948858457709,"R",NA,"Sinusoidal",0.56698729810778
79,0.903395081972681,0.583797877735799,1.04761735471987,"R",NA,"Sinusoidal",0.512536043909088
80,0.899989842178494,0.574332488206187,1.04378493879705,"R",NA,"Sinusoidal",0.50139810140941
81,0.903387547511738,0.586438662091302,1.04441154970209,"R",NA,"Sinusoidal",0.534563125677898
82,0.9134659518121,0.623746472910202,1.04728885201809,"R",NA,"Sinusoidal",0.609084258765985
83,0.930184511211887,0.687903207197922,1.04636934164752,"R",NA,"Sinusoidal",0.718339970968189
84,0.953297940139601,0.776995031396593,1.04767449586516,"R",NA,"Sinusoidal",0.852622412794549
85,0.981956638888163,0.887019768251947,1.05046694893563,"R",NA,"Sinusoidal",1
86,1.01429913204365,0.946092302909286,1.13545476705787,"R",NA,"Sinusoidal",1.14737758720545
87,1.04723492986984,0.942148262567165,1.27754360200939,"R",NA,"Sinusoidal",1.28166002903181
88,1.07665169548048,0.938160255510761,1.39831099369458,"R",NA,"Sinusoidal",1.39091574123401
89,1.09815948959998,0.934956502277789,1.4928672915067,"R",NA,"Sinusoidal",1.4654368743221
90,1.10820175464679,0.930584557407998,1.53632488530561,"R",NA,"Sinusoidal",1.49860189859059
91,1.10508191900768,0.927810504760136,1.53035685753751,"R",NA,"Sinusoidal",1.48746395609091
92,1.08941518376381,0.922902771845804,1.47134057015376,"R",NA,"Sinusoidal",1.43301270189222
93,1.06379893282077,0.919175777282097,1.36919664263676,"R",NA,"Sinusoidal",1.34008636888546
94,1.03191002750136,0.914036066817341,1.23755962200143,"R",NA,"Sinusoidal",1.21694186955878
95,0.997483107072036,0.906158546057253,1.09715293395194,"R",NA,"Sinusoidal",1.07452113308809
96,0.963567768394308,0.82492357652914,1.06690360356565,"R",NA,"Sinusoidal",0.925478866911912
97,0.932218170111309,0.708858474029329,1.06644515814866,"R",NA,"Sinusoidal",0.783058130441221
98,0.904540308614811,0.600736795964443,1.07034106241675,"R",NA,"Sinusoidal",0.65991363111454
99,0.880924579520566,0.499049229990357,1.07353781506629,"R",NA,"Sinusoidal",0.56698729810778
100,0.86131159765893,0.406311159046131,1.07565843262087,"R",NA,"Sinusoidal",0.512536043909088
1,126.4005,56.9875,273.025,"I",21.0856722499998,"Sinusoidal",83
2,130.4725,56,251.0375,"I",9.42336475000009,"Sinusoidal",116
3,135.184,58,264.025,"I",8.64722150000006,"Sinusoidal",130
4,146.605,60,269,"I",10.3531545,"Sinusoidal",131
5,142.6405,60,257.025,"I",15.4514112499999,"Sinusoidal",167
6,151.272,57.9875,269.075,"I",16.7450535000001,"Sinusoidal",180
7,143.15,58,242.0625,"I",19.9253025,"Sinusoidal",178
8,145.207,55.9875,239.0625,"I",13.2425520000001,"Sinusoidal",158
9,146.4145,53.9875,247.0125,"I",23.5390552499998,"Sinusoidal",188
10,145.2975,56,252.0125,"I",30.4978442500002,"Sinusoidal",195
11,145.1125,56.9875,261.0125,"I",11.0041302500001,"Sinusoidal",158
12,133.901,52.9875,249.0125,"I",10.8627315000001,"Sinusoidal",147
13,135.532,56,275.025,"I",8.05853150000003,"Sinusoidal",125
14,122.696,52.9875,241.025,"I",8.19818950000008,"Sinusoidal",114
15,118.934,53.975,241.0125,"I",13.445881,"Sinusoidal",90
16,117.8425,50.9875,243,"I",14.3222807500001,"Sinusoidal",86
17,117.792,54,243.025,"I",31.6790824999999,"Sinusoidal",62
18,120.347,53.9875,251.0125,"I",24.5643839999997,"Sinusoidal",72
19,113.843,51,231,"I",30.5141964999999,"Sinusoidal",60
20,119.817,52,250.025,"I",11.2116900000001,"Sinusoidal",99
21,113.516,51,221,"I",10.5586024999999,"Sinusoidal",92
22,117.148,49,238.0125,"I",8.26352649999998,"Sinusoidal",105
23,119.8625,47,230.025,"I",8.50696824999996,"Sinusoidal",124
24,124.5695,50.9875,243.0125,"I",7.45417725000004,"Sinusoidal",119
25,132.849,51,240.0125,"I",10.0500420000001,"Sinusoidal",146
26,131.1955,51,227.0125,"I",11.8429992500001,"Sinusoidal",148
27,138.9755,56,242,"I",23.2241007500002,"Sinusoidal",179
28,132.579,49.9875,223,"I",20.3868970000001,"Sinusoidal",168
29,131.9875,49,222,"I",19.9087802499998,"Sinusoidal",165
30,133.03,49.9875,220,"I",23.0816489999998,"Sinusoidal",173
31,131.315,51.9875,226,"I",48.3636149999999,"Sinusoidal",201
32,132.8615,53,236.025,"I",9.57029424999996,"Sinusoidal",140
33,119.628,51,225.025,"I",9.82510200000007,"Sinusoidal",133
34,121.183,51,227.0125,"I",7.26953750000003,"Sinusoidal",114
35,109.891,47,216,"I",8.10565850000004,"Sinusoidal",95
36,107.6115,51.9875,214.0125,"I",7.75022724999998,"Sinusoidal",100
37,108.178,51.9875,219.0125,"I",21.0393710000001,"Sinusoidal",68
38,108.0715,50,222,"I",30.3704257499999,"Sinusoidal",56
39,109.627,51.9875,224.0125,"I",16.9190689999999,"Sinusoidal",74
40,104.65,47.9875,215,"I",12.2179489999999,"Sinusoidal",79
41,110.312,46,230,"I",13.0565195000001,"Sinusoidal",82
42,103.098,46,206.0125,"I",11.1613335,"Sinusoidal",79
43,103.082,41,204.025,"I",7.5860935,"Sinusoidal",101
44,109.2025,46,207.025,"I",8.78224274999995,"Sinusoidal",93
45,113.305,50,208.0125,"I",10.9616485,"Sinusoidal",92
46,118.1335,47,226,"I",15.27330175,"Sinusoidal",141
47,116.791,44,212,"I",7.86981949999997,"Sinusoidal",120
48,124.0985,49,211.0125,"I",14.2216627499999,"Sinusoidal",148
49,119.6685,45.9875,203.0125,"I",10.55207275,"Sinusoidal",132
50,119.125,43,203.05,"I",34.1369730000001,"Sinusoidal",173
51,121.717,42.9875,204,"I",19.4497345,"Sinusoidal",156
52,121.087,49,216.05,"I",17.3850285,"Sinusoidal",151
53,121.6785,49,217,"I",9.68851874999996,"Sinusoidal",133
54,112.2255,45,200.0125,"I",7.99465325000006,"Sinusoidal",120
55,115.356,49.9875,221.0125,"I",10.8664654999999,"Sinusoidal",128
56,103.827,43,198,"I",6.86783599999993,"Sinusoidal",98
57,100.265,42,197,"I",10.8067044999999,"Sinusoidal",77
58,100.5245,43.9875,203,"I",19.3249437499999,"Sinusoidal",63
59,98.8845,41.9875,210.0125,"I",19.6740527499999,"Sinusoidal",60
60,100.9355,42,210.025,"I",17.7994202500001,"Sinusoidal",65
61,97.924,43,206.0125,"I",17.4933825,"Sinusoidal",62
62,101.7055,45,212,"I",16.58845825,"Sinusoidal",67
63,96.3695,44,201.0125,"I",12.99221625,"Sinusoidal",68
64,99.3155,44,207.0125,"I",10.18877875,"Sinusoidal",77
65,102.765,43.9875,204,"I",7.74033449999993,"Sinusoidal",88
66,106.4875,44.9875,206.025,"I",8.83295375000007,"Sinusoidal",90
67,114.594,47,210,"I",7.96837500000001,"Sinusoidal",121
68,112.2415,46,205.0125,"I",19.8654377499999,"Sinusoidal",144
69,121.8205,44.9875,217.0125,"I",10.03966225,"Sinusoidal",133
70,118.5265,44,203.0125,"I",16.4047122499999,"Sinusoidal",147
71,117.7415,44,195.0125,"I",16.5982777500001,"Sinusoidal",145
72,120.37,44,205.0125,"I",27.7779650000001,"Sinusoidal",167
73,120.2255,45.9875,210.0125,"I",18.1231137500001,"Sinusoidal",152
74,120.4045,45,212,"I",18.74806475,"Sinusoidal",153
75,110.649,43,196,"I",8.92723100000002,"Sinusoidal",123
76,114.019,45.9875,219.025,"I",7.29525149999994,"Sinusoidal",107
77,103.4955,40,199,"I",7.26160474999997,"Sinusoidal",106
78,99.3025,44,199,"I",6.43878624999999,"Sinusoidal",93
79,99.1625,43.975,189.0125,"I",9.34575575000006,"Sinusoidal",80
80,100.3425,45.9875,202.025,"I",12.58930575,"Sinusoidal",73
81,102.2535,44,210,"I",19.8166842500001,"Sinusoidal",64
82,97.3275,40.9875,198.025,"I",18.1064517499999,"Sinusoidal",62
83,103.1565,44,218,"I",18.2069712499999,"Sinusoidal",67
84,98.5105,41,198.0125,"I",7.07070575000004,"Sinusoidal",90
85,98.831,39.9875,198.0125,"I",6.88894500000002,"Sinusoidal",88
86,104.5065,42,201.0375,"I",6.45578325,"Sinusoidal",102
87,106.735,44,204.0125,"I",6.49892300000002,"Sinusoidal",105
88,114.1585,46,212,"I",19.60125775,"Sinusoidal",145
89,112.1745,42,203,"I",8.93430924999997,"Sinusoidal",123
90,118.504,45.9875,213.025,"I",11.2118654999999,"Sinusoidal",135
91,114.291,40,206.025,"I",10.698435,"Sinusoidal",128
92,112.557,43,190.025,"I",14.4920729999999,"Sinusoidal",137
93,113.4875,42,201,"I",22.1008242499999,"Sinusoidal",151
94,113.221,39,210.025,"I",16.8242765000001,"Sinusoidal",142
95,115.046,42.9875,210.0125,"I",11.709345,"Sinusoidal",134
96,105.8685,40,200.0125,"I",7.21923824999997,"Sinusoidal",110
97,106.652,43.9875,208.0625,"I",6.8816284999999,"Sinusoidal",98
98,97.4275,39,205.0125,"I",10.52210625,"Sinusoidal",75
99,92.1325,40,196.0125,"I",10.3078187500001,"Sinusoidal",70
100,92.703,37,200,"I",18.5966735000001,"Sinusoidal",55
1,0.762954478726424,0.16183182327962,2.10284208760393,"R",NA,"Step change",0.666666666666667
2,0.740138337302458,0.169610673498347,1.86622409385426,"R",NA,"Step change",0.666666666666667
3,0.719545771091811,0.176051199738851,1.66917622063457,"R",NA,"Step change",0.666666666666667
4,0.701299242319603,0.185456374175864,1.51670358213261,"R",NA,"Step change",0.666666666666667
5,0.685471176564515,0.198725459523252,1.37570946695312,"R",NA,"Step change",0.666666666666667
6,0.672046430230751,0.216262204522932,1.25981368647791,"R",NA,"Step change",0.666666666666667
7,0.660907548354005,0.236888507359656,1.15169575385649,"R",NA,"Step change",0.666666666666667
8,0.651842817197081,0.254785368892368,1.06343915351995,"R",NA,"Step change",0.666666666666667
9,0.644571488878242,0.275096478447457,0.989831253843685,"R",NA,"Step change",0.666666666666667
10,0.638779807918335,0.302584745647566,0.921367063294432,"R",NA,"Step change",0.666666666666667
11,0.634164088645695,0.327017263687987,0.87611554131198,"R",NA,"Step change",0.666666666666667
12,0.63047959576531,0.354117702072578,0.834523915737648,"R",NA,"Step change",0.666666666666667
13,0.627593414493487,0.382815501008881,0.806419475144975,"R",NA,"Step change",0.666666666666667
14,0.625535645063057,0.414603236734638,0.777493866882648,"R",NA,"Step change",0.666666666666667
15,0.62453909821902,0.44171921602152,0.756663047630457,"R",NA,"Step change",0.666666666666667
16,0.625057299124409,0.471512571314782,0.746125010798999,"R",NA,"Step change",0.666666666666667
17,0.627755815753759,0.496990523795995,0.732812277818079,"R",NA,"Step change",0.666666666666667
18,0.633480292189938,0.519468879371456,0.727174991698686,"R",NA,"Step change",0.666666666666667
19,0.643211029503424,0.537238935426229,0.735531112063528,"R",NA,"Step change",0.666666666666667
20,0.65801459176193,0.555945026132203,0.75177802132682,"R",NA,"Step change",0.666666666666667
21,0.678997478552882,0.577394392180933,0.775947954806468,"R",NA,"Step change",0.666666666666667
22,0.707258306386845,0.599556222808435,0.806094442303058,"R",NA,"Step change",0.666666666666667
23,0.743826936264465,0.633110472063844,0.846990909995749,"R",NA,"Step change",0.666666666666667
24,0.789574509732266,0.675062870392321,0.897305908532499,"R",NA,"Step change",0.666666666666667
25,0.845079468958053,0.726057525926839,0.95486607358165,"R",NA,"Step change",0.666666666666667
26,0.910443258908881,0.793157265281444,1.0301125725233,"R",NA,"Step change",0.666666666666667
27,0.98506735503521,0.866722475096085,1.11676393445148,"R",NA,"Step change",0.666666666666667
28,1.06743042283413,0.942896355752059,1.21915923133772,"R",NA,"Step change",1.5
29,1.15493530380093,1.02568197936644,1.31349187579376,"R",NA,"Step change",1.5
30,1.24391651025539,1.0971779224624,1.42189915046464,"R",NA,"Step change",1.5
31,1.32989047798612,1.17406300005766,1.51889212943414,"R",NA,"Step change",1.5
32,1.40807775757429,1.23699057879289,1.6121558121801,"R",NA,"Step change",1.5
33,1.47413279677454,1.29933033777868,1.69298777590981,"R",NA,"Step change",1.5
34,1.52491584690388,1.35320394653809,1.75468739435538,"R",NA,"Step change",1.5
35,1.55908557367879,1.39196573782402,1.77668213473222,"R",NA,"Step change",1.5
36,1.57732315899752,1.41409441850071,1.77951746120256,"R",NA,"Step change",1.5
37,1.58211783138142,1.41808145218779,1.77572897564199,"R",NA,"Step change",1.5
38,1.57719478697013,1.40903593066479,1.76170752550958,"R",NA,"Step change",1.5
39,1.56677227860798,1.39795945609347,1.74180998109353,"R",NA,"Step change",1.5
40,1.55484839455671,1.37812395246584,1.73745764522505,"R",NA,"Step change",1.5
41,1.54465117574449,1.36215619655705,1.73986362166012,"R",NA,"Step change",1.5
42,1.53829054011656,1.35457791417929,1.73001319146678,"R",NA,"Step change",1.5
43,1.53657944265531,1.35260227922967,1.72159205755693,"R",NA,"Step change",1.5
44,1.53896973675279,1.36804973719291,1.71083929111377,"R",NA,"Step change",1.5
45,1.54357132250003,1.38550430010264,1.70566649427854,"R",NA,"Step change",1.5
46,1.54727062591882,1.40160256949712,1.69418170504361,"R",NA,"Step change",1.5
47,1.54600832886731,1.40675158662721,1.69553382075988,"R",NA,"Step change",1.5
48,1.53528536734284,1.39482741720942,1.70014970486657,"R",NA,"Step change",1.5
49,1.5109137759575,1.35559840765603,1.68252110632484,"R",NA,"Step change",1.5
50,1.46991290966796,1.3078760426544,1.64936089235917,"R",NA,"Step change",1.5
51,1.41131812933312,1.24492374281337,1.58587723349833,"R",NA,"Step change",1.5
52,1.33660809004478,1.17888256109367,1.49763392918965,"R",NA,"Step change",1.5
53,1.24954496598153,1.10909557342115,1.39074328030452,"R",NA,"Step change",1.5
54,1.15544484467097,1.03939035905944,1.28214330788865,"R",NA,"Step change",1.5
55,1.06013118043291,0.959158294024765,1.17148855837377,"R",NA,"Step change",1.5
56,0.968929081756142,0.879785874798703,1.06749481701859,"R",NA,"Step change",0.666666666666667
57,0.885982362137838,0.795794786604421,0.977519714353646,"R",NA,"Step change",0.666666666666667
58,0.813991720858125,0.721025669420949,0.910494445282195,"R",NA,"Step change",0.666666666666667
59,0.754301396656932,0.663074780638082,0.85430225774113,"R",NA,"Step change",0.666666666666667
60,0.70717823472833,0.617619316760714,0.803495041713562,"R",NA,"Step change",0.666666666666667
61,0.672132404736084,0.583991746885392,0.767153020066283,"R",NA,"Step change",0.666666666666667
62,0.648181900311756,0.562414523175387,0.738052509023797,"R",NA,"Step change",0.666666666666667
63,0.634022642115379,0.553697625085625,0.716058799495114,"R",NA,"Step change",0.666666666666667
64,0.628111818872443,0.552971942847308,0.70410629242434,"R",NA,"Step change",0.666666666666667
65,0.628700592752563,0.559228063570032,0.704074138693682,"R",NA,"Step change",0.666666666666667
66,0.633865994278935,0.563801518527646,0.714944236767577,"R",NA,"Step change",0.666666666666667
67,0.641590866116214,0.568001869692973,0.727163682406597,"R",NA,"Step change",0.666666666666667
68,0.649921935552395,0.569280439742402,0.743785562177728,"R",NA,"Step change",0.666666666666667
69,0.657199315080731,0.57361108881308,0.756135532034608,"R",NA,"Step change",0.666666666666667
70,0.662306818689632,0.578134321146904,0.764647918928425,"R",NA,"Step change",0.666666666666667
71,0.664863985502799,0.579207509583486,0.765444145683576,"R",NA,"Step change",0.666666666666667
72,0.665289007311946,0.584654802550322,0.759978693402718,"R",NA,"Step change",0.666666666666667
73,0.664708257891654,0.590154278695766,0.751314693868363,"R",NA,"Step change",0.666666666666667
74,0.664747983266296,0.591586588202781,0.748178993112049,"R",NA,"Step change",0.666666666666667
75,0.667282255387938,0.589599643436291,0.750418826931012,"R",NA,"Step change",0.666666666666667
76,0.674209704822404,0.586261877786255,0.761493733412993,"R",NA,"Step change",0.666666666666667
77,0.687297995181989,0.591807161720072,0.781769870860686,"R",NA,"Step change",0.666666666666667
78,0.708093329937919,0.607686436263049,0.812261831097407,"R",NA,"Step change",0.666666666666667
79,0.737862901619474,0.633104658446241,0.843451654552833,"R",NA,"Step change",0.666666666666667
80,0.777528649620767,0.674444832259936,0.88852628339302,"R",NA,"Step change",0.666666666666667
81,0.827559033351046,0.722816610492605,0.941493952834861,"R",NA,"Step change",0.666666666666667
82,0.887807754814471,0.783630499739795,1.00003313151705,"R",NA,"Step change",0.666666666666667
83,0.957321409624547,0.846311916463967,1.07150338675114,"R",NA,"Step change",0.666666666666667
84,1.0341762337523,0.916420133237871,1.15988874784618,"R",NA,"Step change",1.5
85,1.11543337816947,0.990040275680866,1.25449980014504,"R",NA,"Step change",1.5
86,1.19730015779321,1.06052850162484,1.34842243386238,"R",NA,"Step change",1.5
87,1.27553370850187,1.12855557088744,1.44512384795977,"R",NA,"Step change",1.5
88,1.34603121238962,1.19536864549786,1.52118219571689,"R",NA,"Step change",1.5
89,1.40545972091252,1.2486623566162,1.58387457860583,"R",NA,"Step change",1.5
90,1.4517439148468,1.29541328209799,1.63160152841835,"R",NA,"Step change",1.5
91,1.484277883491,1.3296366388711,1.66428781904392,"R",NA,"Step change",1.5
92,1.50383049074137,1.35102197905482,1.68474903321696,"R",NA,"Step change",1.5
93,1.51221470655936,1.35211888158875,1.69493503627275,"R",NA,"Step change",1.5
94,1.51184377665201,1.34992559706507,1.68711468096437,"R",NA,"Step change",1.5
95,1.50529404623879,1.33901884905823,1.67393619989034,"R",NA,"Step change",1.5
96,1.49495764734339,1.32508592133026,1.66523394530051,"R",NA,"Step change",1.5
97,1.48282463197871,1.30417827580476,1.6696361818646,"R",NA,"Step change",1.5
98,1.47039861624906,1.27256484589936,1.69148803507438,"R",NA,"Step change",1.5
99,1.45872557218549,1.21813357520923,1.7217950521396,"R",NA,"Step change",1.5
100,1.4484997279217,1.14169671295634,1.77539579601937,"R",NA,"Step change",1.5
1,64.311,40,96.0125,"I",5.5688645,"Step change",73
2,63.2415,39,91,"I",3.60020125,"Step change",58
3,65.0525,41,93.0125,"I",4.56796074999999,"Step change",57
4,58.7525,37,86,"I",2.53605675,"Step change",59
5,53.9355,33,79,"I",2.89495025,"Step change",50
6,53.6035,32.9875,78.0125,"I",6.57169875,"Step change",64
7,50.388,31,74,"I",2.3694845,"Step change",48
8,48.7695,29,73,"I",5.65877525,"Step change",39
9,44.9965,27,67,"I",2.28777575,"Step change",47
10,45.2675,26,67,"I",2.52595275,"Step change",48
11,38.941,22,60,"I",1.9726275,"Step change",40
12,35.281,19,54,"I",1.852645,"Step change",36
13,34.477,19,54,"I",1.7571665,"Step change",33
14,32.39,17,51,"I",2.169261,"Step change",35
15,31.22,18,49,"I",1.733594,"Step change",32
16,28.4085,15,45,"I",4.84712325,"Step change",36
17,28.602,16,44.0125,"I",1.6972765,"Step change",30
18,24.7325,13,41,"I",3.24420825,"Step change",19
19,22.701,12,37,"I",1.2852735,"Step change",22
20,22.966,12,37,"I",4.5879265,"Step change",30
21,22.041,10,35,"I",1.8483145,"Step change",19
22,21.8755,11,36,"I",1.70442325,"Step change",24
23,21.6415,10,36,"I",2.04115275,"Step change",18
24,23.255,11,38,"I",3.6257695,"Step change",17
25,21.7445,11,36,"I",3.31214775,"Step change",16
26,21.905,10,37,"I",3.4148965,"Step change",16
27,24.2825,13,38.0125,"I",6.10792075,"Step change",15
28,25.4345,14,40.0125,"I",1.68620725,"Step change",27
29,28.086,15,45,"I",7.6355355,"Step change",39
30,29.6035,16,47,"I",3.36346475,"Step change",35
31,34.357,19,53,"I",4.1464195,"Step change",41
32,34.7735,19.9875,53,"I",2.74430525,"Step change",30
33,36.755,22,55,"I",2.468592,"Step change",40
34,42.1525,24,63,"I",2.69310775,"Step change",38
35,45.534,26,69.0125,"I",3.5267295,"Step change",51
36,50.488,30,74,"I",2.2545445,"Step change",51
37,53.2375,33,79,"I",2.63087925,"Step change",50
38,61.1185,38,88.0125,"I",2.71662774999999,"Step change",63
39,60.3535,36,89,"I",3.22553375,"Step change",64
40,62.653,39,91,"I",2.8920015,"Step change",64
41,70.4545,45.9875,100,"I",2.91360125000001,"Step change",71
42,74.4055,47.9875,107,"I",3.14063625,"Step change",73
43,82.8525,53.9875,121,"I",3.59694675,"Step change",79
44,87.799,57,125,"I",3.8538445,"Step change",83
45,100.038,66,144,"I",4.040953,"Step change",102
46,100.0435,68,140.0125,"I",7.24533975,"Step change",87
47,103.8225,72,142,"I",5.72531525,"Step change",94
48,115.496,76,161,"I",4.54478350000001,"Step change",110
49,122.9165,84,172.025,"I",5.43968775,"Step change",115
50,131.269,87,181,"I",7.193128,"Step change",119
51,133.269,89,183.0125,"I",12.887864,"Step change",154
52,142.428,96,198,"I",5.1697975,"Step change",138
53,130.7345,87.9875,182,"I",22.10593275,"Step change",163
54,122.596,80.9875,174,"I",30.0358125,"Step change",163
55,122.7695,82.9875,171,"I",25.14462425,"Step change",158
56,113.3265,75,158,"I",32.90761825,"Step change",70
57,108.1995,71,151,"I",5.00993425,"Step change",101
58,98.0515,63.9875,139,"I",4.69822274999999,"Step change",91
59,95.2175,62,135,"I",16.84899225,"Step change",70
60,81.007,54,116,"I",3.6854525,"Step change",84
61,71.754,46.9875,104,"I",3.0112135,"Step change",72
62,70.08,44,101.0125,"I",3.1963745,"Step change",66
63,64.4005,42,95.0125,"I",3.02290775,"Step change",61
64,62.4985,39,91.0125,"I",3.16470274999999,"Step change",58
65,58.006,35.9875,85.0125,"I",3.6106255,"Step change",63
66,58.1265,36,84,"I",2.74577925,"Step change",55
67,51.053,30.9875,74,"I",4.876744,"Step change",59
68,46.7685,28,69,"I",3.30162525,"Step change",41
69,47.362,28,70,"I",2.235895,"Step change",48
70,44.091,26,66,"I",9.51856250000001,"Step change",58
71,42.7525,24,63.0125,"I",2.34853625,"Step change",45
72,39.815,23,61,"I",2.8499975,"Step change",35
73,39.6865,24,60,"I",3.42746775,"Step change",45
74,34.4855,19,52.0125,"I",1.72102725,"Step change",34
75,31.735,18,50,"I",2.400174,"Step change",35
76,31.569,17,48,"I",1.6426505,"Step change",32
77,29.912,16,47,"I",3.217755,"Step change",35
78,30.1535,17,48,"I",5.67442075,"Step change",21
79,29.263,16,45,"I",2.926055,"Step change",24
80,31.196,17,49,"I",2.232221,"Step change",34
81,29.1935,17,46,"I",1.73721025,"Step change",27
82,29.0375,15,45,"I",7.47116875,"Step change",18
83,32.162,18,50,"I",11.1983265,"Step change",17
84,33.765,19,52,"I",3.867303,"Step change",40
85,36.421,21,55,"I",3.022908,"Step change",41
86,38.426,22.9875,57,"I",1.9045635,"Step change",39
87,44.348,26,66.0125,"I",8.429926,"Step change",57
88,44.4625,26.9875,68,"I",2.47434375,"Step change",47
89,45.879,27,69,"I",2.106731,"Step change",46
90,52.4285,31.9875,76,"I",4.36261275,"Step change",45
91,55.896,34,82,"I",4.5165835,"Step change",63
92,61.825,39,89,"I",3.666404,"Step change",67
93,64.996,41,97,"I",2.8185335,"Step change",64
94,73.8195,46.9875,106,"I",3.07195625,"Step change",73
95,72.783,46,103.0125,"I",6.204702,"Step change",62
96,74.4855,49,107,"I",3.02649725,"Step change",76
97,83.934,53.9875,120,"I",3.358508,"Step change",86
98,87.4365,58,124,"I",3.61334475,"Step change",86
99,96.3385,62,138,"I",4.18320625,"Step change",100
100,99.1035,62,143.0125,"I",4.28043225,"Step change",95
