"t","Mean","Lower","Upper","variable","CRPS","simulation","date","TrueValue"
1,1.21434677472263,0.516751477027595,2.15084539018345,"R",NA,"Random walk",2024-01-01,1.05075579797784
2,1.23559163260394,0.56611210002427,2.10302762227172,"R",NA,"Random walk",2024-01-02,1.15900937123493
3,1.26096402869757,0.614244198623213,2.04184417078338,"R",NA,"Random walk",2024-01-03,1.27904687521183
4,1.28715997014291,0.658280864400292,1.97645626732575,"R",NA,"Random walk",2024-01-04,1.25432592311175
5,1.31059946372339,0.713327641247926,1.91330168674722,"R",NA,"Random walk",2024-01-05,1.21901276609247
6,1.32801297610248,0.77804540838492,1.84575380240478,"R",NA,"Random walk",2024-01-06,1.31982461556305
7,1.33708379801925,0.856293331129405,1.76204310488843,"R",NA,"Random walk",2024-01-07,1.33426741549276
8,1.3369582834502,0.927974636019054,1.67435276210847,"R",NA,"Random walk",2024-01-08,1.33722605619131
9,1.32843228169271,0.991350099948707,1.60181215218892,"R",NA,"Random walk",2024-01-09,1.38122648595819
10,1.31372632268708,1.04222920210193,1.53631003684841,"R",NA,"Random walk",2024-01-10,1.46980665176169
11,1.29592313126199,1.0753571100045,1.46955870974924,"R",NA,"Random walk",2024-01-11,1.25954778340346
12,1.27826045413195,1.10655499834955,1.42919348669236,"R",NA,"Random walk",2024-01-12,1.3479105093351
13,1.26348424566675,1.11985257276673,1.40261162550354,"R",NA,"Random walk",2024-01-13,1.35394452271656
14,1.25338812136193,1.1146701145923,1.38339242095619,"R",NA,"Random walk",2024-01-14,1.43794293409087
15,1.24856611142218,1.1140451207533,1.37763379214662,"R",NA,"Random walk",2024-01-15,1.32395180390399
16,1.24834973509141,1.12129582231075,1.3744586184238,"R",NA,"Random walk",2024-01-16,1.29365707384879
17,1.25090234769196,1.13033352555115,1.36849279472672,"R",NA,"Random walk",2024-01-17,1.19042944124553
18,1.25347582394317,1.14139037862693,1.36612568217568,"R",NA,"Random walk",2024-01-18,1.02019672710724
19,1.2528518185762,1.14843562968743,1.36361109573447,"R",NA,"Random walk",2024-01-19,1.13748865883978
20,1.24595632770257,1.14182197477624,1.35301619045021,"R",NA,"Random walk",2024-01-20,1.2926471263587
21,1.23055028310317,1.12611229160161,1.33797210960856,"R",NA,"Random walk",2024-01-21,1.24790806219295
22,1.20580718903994,1.10055680377184,1.31574095502206,"R",NA,"Random walk",2024-01-22,1.26992577182373
23,1.17256782787212,1.06965392749782,1.28072816888146,"R",NA,"Random walk",2024-01-23,1.37300234856143
24,1.13315821909797,1.03473632720301,1.23728593794238,"R",NA,"Random walk",2024-01-24,1.26157750118038
25,1.09083136552145,0.996387317589284,1.19545943703544,"R",NA,"Random walk",2024-01-25,1.24239833405177
26,1.04903841364725,0.957333770819034,1.15215525591671,"R",NA,"Random walk",2024-01-26,1.15133041435367
27,1.01076295696093,0.923066143764554,1.11052624621889,"R",NA,"Random walk",2024-01-27,0.937442694472502
28,0.978066498523104,0.892189336924554,1.07541502218161,"R",NA,"Random walk",2024-01-28,0.80466476571653
29,0.951871153305851,0.867575295736175,1.04255191651909,"R",NA,"Random walk",2024-01-29,0.83997253619983
30,0.931926192935198,0.847666669002116,1.01879934278691,"R",NA,"Random walk",2024-01-30,0.770540542072998
31,0.916896275620572,0.836359417362012,1.00121098486086,"R",NA,"Random walk",2024-01-31,0.876339512072316
32,0.904549843092946,0.828280125051497,0.988388608043986,"R",NA,"Random walk",2024-02-01,0.935836791908507
33,0.892071931953598,0.815445264452283,0.976909674727245,"R",NA,"Random walk",2024-02-02,0.946752658260147
34,0.876532797573334,0.80029593615669,0.962746047504282,"R",NA,"Random walk",2024-02-03,0.938354461845845
35,0.855488149413379,0.772604613591209,0.942584091303132,"R",NA,"Random walk",2024-02-04,0.922556578053314
36,0.827585660235617,0.74479784398946,0.914562435049215,"R",NA,"Random walk",2024-02-05,0.972493464862293
37,0.792973171975823,0.712214527057637,0.875952090138237,"R",NA,"Random walk",2024-02-06,0.875822968174508
38,0.753328192632364,0.680029036517358,0.828746349334818,"R",NA,"Random walk",2024-02-07,0.848120494406299
39,0.711475559561384,0.644110041372929,0.781443827086881,"R",NA,"Random walk",2024-02-08,0.649925608997018
40,0.670746799965372,0.60487759145352,0.739136603231138,"R",NA,"Random walk",2024-02-09,0.658019222189197
41,0.634333337832292,0.567296806045176,0.702727503191795,"R",NA,"Random walk",2024-02-10,0.736653639942764
42,0.604838144652523,0.536104972788896,0.679636501513624,"R",NA,"Random walk",2024-02-11,0.534615273272704
43,0.584090937974113,0.51273406132726,0.66374249682609,"R",NA,"Random walk",2024-02-12,0.528510247902397
44,0.573162096428071,0.499068302023358,0.654872762928646,"R",NA,"Random walk",2024-02-13,0.508145468302673
45,0.572452171298086,0.502373112254971,0.651503748125017,"R",NA,"Random walk",2024-02-14,0.44697277599999
46,0.581746527345578,0.510987920368372,0.657390914743601,"R",NA,"Random walk",2024-02-15,0.514484786149741
47,0.600177992770244,0.532897820099989,0.672599737320414,"R",NA,"Random walk",2024-02-16,0.687666652758221
48,0.626109780985228,0.561476154076826,0.698706857415522,"R",NA,"Random walk",2024-02-17,0.68915182037088
49,0.657022872101004,0.591643512888226,0.732127150252022,"R",NA,"Random walk",2024-02-18,0.724661142715747
50,0.689547061120961,0.617526201322312,0.770754683146355,"R",NA,"Random walk",2024-02-19,0.840263024138111
51,0.719774390194862,0.637968648178001,0.810443002892167,"R",NA,"Random walk",2024-02-20,0.976407115736378
52,0.743898278916694,0.650811814249284,0.842044121959757,"R",NA,"Random walk",2024-02-21,0.809572465850976
53,0.759043256075614,0.662329839940535,0.85996410405848,"R",NA,"Random walk",2024-02-22,0.735767795852321
54,0.763987582394238,0.666979838754534,0.865350268105738,"R",NA,"Random walk",2024-02-23,0.682530545189007
55,0.759468196263262,0.667011486458797,0.859901090032614,"R",NA,"Random walk",2024-02-24,0.645923232664183
56,0.747937932171836,0.661919403001587,0.845690582396373,"R",NA,"Random walk",2024-02-25,0.653307826746064
57,0.732905675786542,0.650426679128766,0.82701798573191,"R",NA,"Random walk",2024-02-26,0.654546787631544
58,0.718151994781586,0.63344199268375,0.810521460593596,"R",NA,"Random walk",2024-02-27,0.740303004888021
59,0.707089486245929,0.621779810329419,0.799241329724994,"R",NA,"Random walk",2024-02-28,0.629911413056697
60,0.702388520893128,0.613769051732466,0.799104286184297,"R",NA,"Random walk",2024-02-29,0.66478464188997
61,0.705836975288609,0.618187425708815,0.804073663729469,"R",NA,"Random walk",2024-03-01,0.599627547992097
62,0.71832580046899,0.62809085603583,0.814142112764763,"R",NA,"Random walk",2024-03-02,0.623908199446909
63,0.739857646284732,0.643177655560294,0.83760481975765,"R",NA,"Random walk",2024-03-03,0.6598634125902
64,0.76953090263603,0.675198272980644,0.868310097804174,"R",NA,"Random walk",2024-03-04,0.717115543950159
65,0.805521197895719,0.709857539079654,0.907362682780377,"R",NA,"Random walk",2024-03-05,0.925592364770454
66,0.845138820241476,0.749416910146564,0.947763070057805,"R",NA,"Random walk",2024-03-06,0.987107738116638
67,0.885058130502995,0.78386811690331,0.999291238730299,"R",NA,"Random walk",2024-03-07,1.02435827657331
68,0.921772362816382,0.812992411724605,1.04661152766396,"R",NA,"Random walk",2024-03-08,0.873799137534769
69,0.952225643245748,0.835546589475827,1.08492136709264,"R",NA,"Random walk",2024-03-09,0.909444023549459
70,0.974457467326728,0.855525650005037,1.10690611242249,"R",NA,"Random walk",2024-03-10,0.976222168201091
71,0.988038350221332,0.870838744207982,1.1269762121312,"R",NA,"Random walk",2024-03-11,0.996468476611257
72,0.994132453465581,0.876815521491667,1.1300438296813,"R",NA,"Random walk",2024-03-12,1.09900209489661
73,0.995172383549887,0.879965552981594,1.12320404967612,"R",NA,"Random walk",2024-03-13,0.943010942561359
74,0.994283119364194,0.88147354724224,1.11887593755675,"R",NA,"Random walk",2024-03-14,0.976883460044748
75,0.994657889715627,0.874686133011232,1.12066743269969,"R",NA,"Random walk",2024-03-15,0.961959830272741
76,0.999048858912427,0.87675740178728,1.12702649308905,"R",NA,"Random walk",2024-03-16,1.0091507222337
77,1.00943932947145,0.8828427141107,1.1349430297118,"R",NA,"Random walk",2024-03-17,0.935757419047802
78,1.02687902420409,0.893120053701985,1.14979255722649,"R",NA,"Random walk",2024-03-18,0.913152537129962
79,1.05142734622864,0.915130081348808,1.17591665554486,"R",NA,"Random walk",2024-03-19,1.04529031057593
80,1.08216015446468,0.948925037014161,1.20655709836975,"R",NA,"Random walk",2024-03-20,1.01211333437453
81,1.11723127193271,0.985617651018201,1.24092672952999,"R",NA,"Random walk",2024-03-21,1.19935431101699
82,1.15401538427245,1.03050144699107,1.28266585742207,"R",NA,"Random walk",2024-03-22,1.38549521020649
83,1.18937324115565,1.06225476490499,1.32810762561449,"R",NA,"Random walk",2024-03-23,1.09715233869553
84,1.22005892261726,1.09044877143158,1.3702585732921,"R",NA,"Random walk",2024-03-24,1.0743656787913
85,1.24323149531006,1.11006478610142,1.40609383272825,"R",NA,"Random walk",2024-03-25,1.02816103456437
86,1.2569620016024,1.1255039688783,1.41842745165259,"R",NA,"Random walk",2024-03-26,1.16846520553051
87,1.26058546855227,1.12568801354169,1.41857451943494,"R",NA,"Random walk",2024-03-27,1.11991873158349
88,1.25477633873394,1.12324329869961,1.39839905825708,"R",NA,"Random walk",2024-03-28,1.23624808384336
89,1.24132304011195,1.11458621702815,1.37612084419592,"R",NA,"Random walk",2024-03-29,1.20476686479896
90,1.22269111944637,1.10034780926463,1.35252660637275,"R",NA,"Random walk",2024-03-30,1.32892576555317
91,1.20152852657387,1.07937481936283,1.32726129116955,"R",NA,"Random walk",2024-03-31,1.16025228126673
92,1.18025285007645,1.0624372486483,1.31054325336708,"R",NA,"Random walk",2024-04-01,1.16722749201144
93,1.1607929975824,1.0407002929405,1.28964156518655,"R",NA,"Random walk",2024-04-02,1.10382527773161
94,1.14448533548335,1.02238324053378,1.27712395017192,"R",NA,"Random walk",2024-04-03,1.06947027708051
95,1.13208138669874,1.00897411910487,1.26516465694566,"R",NA,"Random walk",2024-04-04,1.23422323504758
96,1.12381733694398,1.0006379966179,1.25707834902349,"R",NA,"Random walk",2024-04-05,1.13784316826739
97,1.11951148716753,0.994588740860262,1.25922833830453,"R",NA,"Random walk",2024-04-06,1.038436717091
98,1.11867591974858,0.977681682778095,1.27071818371692,"R",NA,"Random walk",2024-04-07,1.14171462316315
99,1.12063925973328,0.952626712688272,1.30834678453346,"R",NA,"Random walk",2024-04-08,1.07461161679909
100,1.1246739035895,0.91588860356102,1.36413122632544,"R",NA,"Random walk",2024-04-09,1.08570007889435
1,114.6895,79,159,"I",4.75069325,"Random walk",2024-01-01,109
2,125.503,85.9875,173,"I",4.655683,"Random walk",2024-01-02,123
3,125.447,85,175,"I",5.55135250000001,"Random walk",2024-01-03,132
4,129.1535,90,179,"I",4.58319725000001,"Random walk",2024-01-04,130
5,142.6235,98.9875,196,"I",6.76018775,"Random walk",2024-01-05,132
6,134.2435,91.9875,186.0125,"I",4.96510924999999,"Random walk",2024-01-06,138
7,142.251,99.9875,191,"I",5.04509349999999,"Random walk",2024-01-07,144
8,156.9685,110.9875,210.0125,"I",5.28537525,"Random walk",2024-01-08,154
9,175.486,124,236,"I",6.939308,"Random walk",2024-01-09,166
10,174.7665,125,238,"I",6.34300125,"Random walk",2024-01-10,179
11,176.9615,125,241,"I",13.10950125,"Random walk",2024-01-11,154
12,189.3735,136,257,"I",9.49180425,"Random walk",2024-01-12,203
13,175.9625,126,236.0125,"I",6.99311324999999,"Random walk",2024-01-13,184
14,182.278,129.9875,243,"I",32.7987265,"Random walk",2024-01-14,228
15,199.265,142,266,"I",6.21925,"Random walk",2024-01-15,194
16,221.2735,157.9875,296,"I",10.43684225,"Random walk",2024-01-16,204
17,221.422,159,295,"I",8.0854725,"Random walk",2024-01-17,211
18,226.2225,162.9875,302,"I",9.28535675,"Random walk",2024-01-18,212
19,242.5205,174,319.0125,"I",29.25003525,"Random walk",2024-01-19,197
20,224.1195,158,297,"I",7.71774175,"Random walk",2024-01-20,230
21,230.8385,164.9875,307,"I",9.89214375000002,"Random walk",2024-01-21,244
22,247.613,174.9875,330.0125,"I",14.112542,"Random walk",2024-01-22,223
23,266.1135,194,351.0125,"I",9.69433725,"Random walk",2024-01-23,276
24,253.8275,183,343,"I",19.71005225,"Random walk",2024-01-24,285
25,246.22,175,321,"I",33.540303,"Random walk",2024-01-25,296
26,254.583,184,336,"I",16.3845865,"Random walk",2024-01-26,281
27,220.826,157.9875,293,"I",11.0893425,"Random walk",2024-01-27,202
28,219.172,155.9875,295,"I",6.736445,"Random walk",2024-01-28,215
29,225.156,162,301,"I",12.1156775,"Random walk",2024-01-29,204
30,233.615,168.9875,308,"I",39.3510125,"Random walk",2024-01-30,177
31,222.1945,162,292,"I",6.91438324999999,"Random walk",2024-01-31,221
32,213.425,151.9875,286.025,"I",10.619367,"Random walk",2024-02-01,229
33,216.9725,156.9875,289,"I",7.54281124999999,"Random walk",2024-02-02,208
34,186.8045,131.9875,251,"I",6.30083225,"Random walk",2024-02-03,189
35,182.3775,127,246.0125,"I",6.89379975,"Random walk",2024-02-04,189
36,181.4905,129,240,"I",24.35171975,"Random walk",2024-02-05,218
37,181.7515,129,243,"I",6.48698874999999,"Random walk",2024-02-06,187
38,162.658,113,218.0125,"I",12.5510545,"Random walk",2024-02-07,183
39,145.933,102.9875,199,"I",8.6121475,"Random walk",2024-02-08,131
40,136.9855,96,189,"I",4.83037475,"Random walk",2024-02-09,138
41,111.0425,76,154,"I",13.49954225,"Random walk",2024-02-10,132
42,102.2515,67.9875,142,"I",7.59012475,"Random walk",2024-02-11,89
43,97.751,65.9875,138.0125,"I",11.2599415,"Random walk",2024-02-12,79
44,95.947,65,134,"I",4.970855,"Random walk",2024-02-13,88
45,86.4625,56,125,"I",10.66070575,"Random walk",2024-02-14,69
46,80.6095,53,113.0125,"I",5.40216675,"Random walk",2024-02-15,89
47,79.911,53,113,"I",10.447296,"Random walk",2024-02-16,63
48,69.4565,46,98.0125,"I",5.98741925,"Random walk",2024-02-17,79
49,68.338,45,97,"I",7.9558445,"Random walk",2024-02-18,55
50,70.4855,46,100.0125,"I",2.79740775,"Random walk",2024-02-19,71
51,73.8725,47,103,"I",25.20495925,"Random walk",2024-02-20,106
52,69.823,45,98,"I",2.9244975,"Random walk",2024-02-21,67
53,65.5765,42,92.0125,"I",3.30936675,"Random walk",2024-02-22,61
54,66.071,42,95,"I",6.756907,"Random walk",2024-02-23,77
55,55.897,34,80,"I",4.5294305,"Random walk",2024-02-24,48
56,52.975,33,76,"I",2.8264015,"Random walk",2024-02-25,49
57,52.4045,33,76,"I",3.33904875,"Random walk",2024-02-26,57
58,52.979,33,76.0125,"I",7.03657649999998,"Random walk",2024-02-27,64
59,47.81,28,70,"I",2.2732745,"Random walk",2024-02-28,46
60,44.468,26.9875,65,"I",3.218642,"Random walk",2024-02-29,39
61,44.267,27,65,"I",2.0659545,"Random walk",2024-03-01,45
62,38.296,22,58,"I",9.081956,"Random walk",2024-03-02,25
63,38.0745,23,58.0125,"I",5.42531225,"Random walk",2024-03-03,29
64,39.5845,22,60,"I",2.34281875,"Random walk",2024-03-04,36
65,42.6735,25,64,"I",3.99526725,"Random walk",2024-03-05,49
66,41.0875,24,61,"I",8.00545875,"Random walk",2024-03-06,53
67,40.6755,23,61,"I",1.98202125,"Random walk",2024-03-07,39
68,43.1335,25,64,"I",2.00087575,"Random walk",2024-03-08,42
69,38.8785,22,59,"I",3.33508575,"Random walk",2024-03-09,33
70,39.6735,22,60,"I",2.95056175,"Random walk",2024-03-10,44
71,41.633,24,61.0125,"I",4.0027025,"Random walk",2024-03-11,48
72,44.4365,26,66,"I",2.00375125,"Random walk",2024-03-12,44
73,42.9345,25.9875,63,"I",2.93281675,"Random walk",2024-03-13,38
74,41.791,24,62,"I",3.394237,"Random walk",2024-03-14,47
75,43.42,26,64.0125,"I",1.963009,"Random walk",2024-03-15,43
76,38.9705,23,57,"I",2.15334725,"Random walk",2024-03-16,36
77,39.667,23,58,"I",1.8883365,"Random walk",2024-03-17,40
78,42.239,25,62,"I",4.1338065,"Random walk",2024-03-18,35
79,46.6405,29,68.0125,"I",2.09449275,"Random walk",2024-03-19,46
80,46.5055,28,68,"I",5.52922925,"Random walk",2024-03-20,37
81,47.2995,30,69,"I",3.64290775,"Random walk",2024-03-21,41
82,51.02,32,74.0125,"I",21.7370205,"Random walk",2024-03-22,78
83,47.985,29,71,"I",5.204136,"Random walk",2024-03-23,39
84,51.0285,32,75,"I",3.06586125,"Random walk",2024-03-24,55
85,55.616,35,82,"I",2.604618,"Random walk",2024-03-25,58
86,62.046,39,88,"I",3.6415505,"Random walk",2024-03-26,56
87,62.2635,39,89,"I",2.74818275,"Random walk",2024-03-27,59
88,63.037,38,91,"I",2.56603450000001,"Random walk",2024-03-28,62
89,67.3315,44,97,"I",6.48827375,"Random walk",2024-03-29,56
90,61.0745,38,87,"I",15.28079725,"Random walk",2024-03-30,82
91,62.575,40,89.0125,"I",3.46399999999999,"Random walk",2024-03-31,57
92,67.4205,44,96,"I",12.84109975,"Random walk",2024-04-01,86
93,72.4995,48,102,"I",4.00523975,"Random walk",2024-04-02,66
94,71.22,45,100,"I",3.8616125,"Random walk",2024-04-03,65
95,70.604,46,101,"I",2.9754645,"Random walk",2024-04-04,72
96,74.9175,49,107,"I",2.96846875000001,"Random walk",2024-04-05,73
97,67.7635,44,97.0125,"I",3.56928475000001,"Random walk",2024-04-06,62
98,69.577,44,99,"I",3.359874,"Random walk",2024-04-07,65
99,75.207,49,108.0125,"I",3.2758875,"Random walk",2024-04-08,77
100,81.8655,53,118,"I",4.34528225,"Random walk",2024-04-09,87
1,0.764104798776928,0.166025170728785,2.54951742024906,"R",NA,"Sinusoidal",2024-01-01,1
2,0.860378863496777,0.195227387545166,2.51778683340953,"R",NA,"Sinusoidal",2024-01-02,1.14737758720545
3,0.971532710506444,0.240430325390384,2.56685576608007,"R",NA,"Sinusoidal",2024-01-03,1.28166002903181
4,1.08797828464641,0.292627142279885,2.57457584816985,"R",NA,"Sinusoidal",2024-01-04,1.39091574123401
5,1.19504281335038,0.363149004147234,2.458812168732,"R",NA,"Sinusoidal",2024-01-05,1.4654368743221
6,1.27486897599516,0.448387786707311,2.31068248937162,"R",NA,"Sinusoidal",2024-01-06,1.49860189859059
7,1.31088800651658,0.527119666491183,2.13346598467449,"R",NA,"Sinusoidal",2024-01-07,1.48746395609091
8,1.29358614135498,0.606580900298346,1.91061081570748,"R",NA,"Sinusoidal",2024-01-08,1.43301270189222
9,1.22467118644753,0.655234380840929,1.65401379612011,"R",NA,"Sinusoidal",2024-01-09,1.34008636888546
10,1.11694686666577,0.668383671370653,1.40343481597457,"R",NA,"Sinusoidal",2024-01-10,1.21694186955878
11,0.989714303213757,0.652680402985568,1.18695598160995,"R",NA,"Sinusoidal",2024-01-11,1.07452113308809
12,0.862393008421238,0.623585693937015,0.993065696479963,"R",NA,"Sinusoidal",2024-01-12,0.925478866911913
13,0.749747759928492,0.586027615886154,0.848302082921618,"R",NA,"Sinusoidal",2024-01-13,0.783058130441221
14,0.660356291305475,0.542210244823372,0.741247557292401,"R",NA,"Sinusoidal",2024-01-14,0.65991363111454
15,0.597733372514437,0.508959244935127,0.667378484840909,"R",NA,"Sinusoidal",2024-01-15,0.566987298107781
16,0.562550300314421,0.493213326759086,0.62645420399885,"R",NA,"Sinusoidal",2024-01-16,0.512536043909088
17,0.554690831482097,0.490162024391656,0.61551799130765,"R",NA,"Sinusoidal",2024-01-17,0.50139810140941
18,0.574584268715635,0.512714494659326,0.635182135980709,"R",NA,"Sinusoidal",2024-01-18,0.534563125677898
19,0.623701115770537,0.562373185757911,0.6877786898886,"R",NA,"Sinusoidal",2024-01-19,0.609084258765985
20,0.704174310070132,0.638874300453832,0.772002250937063,"R",NA,"Sinusoidal",2024-01-20,0.718339970968189
21,0.817420503933099,0.743839588860829,0.889589150906242,"R",NA,"Sinusoidal",2024-01-21,0.852622412794548
22,0.961686344291659,0.880074502632754,1.04556172697145,"R",NA,"Sinusoidal",2024-01-22,1
23,1.12893113029347,1.03931218389562,1.21891995637251,"R",NA,"Sinusoidal",2024-01-23,1.14737758720545
24,1.30242773539748,1.20816159788567,1.40646258423168,"R",NA,"Sinusoidal",2024-01-24,1.28166002903181
25,1.4573115593251,1.35366440182976,1.56842978932045,"R",NA,"Sinusoidal",2024-01-25,1.39091574123401
26,1.56577248395663,1.45445951117662,1.6846965521016,"R",NA,"Sinusoidal",2024-01-26,1.4654368743221
27,1.60593807761286,1.48785442867724,1.73719356339938,"R",NA,"Sinusoidal",2024-01-27,1.49860189859059
28,1.57021055644524,1.45307333864781,1.69428579579589,"R",NA,"Sinusoidal",2024-01-28,1.48746395609091
29,1.46809351708843,1.35824965585718,1.58583426747994,"R",NA,"Sinusoidal",2024-01-29,1.43301270189222
30,1.32182785617277,1.22304596200674,1.42850466565961,"R",NA,"Sinusoidal",2024-01-30,1.34008636888546
31,1.15780905833906,1.07213243173122,1.25000942678254,"R",NA,"Sinusoidal",2024-01-31,1.21694186955878
32,0.998718381983372,0.922251155226213,1.07529860365216,"R",NA,"Sinusoidal",2024-02-01,1.07452113308809
33,0.859537082249189,0.790938694219199,0.928879942357739,"R",NA,"Sinusoidal",2024-02-02,0.925478866911913
34,0.747528831281779,0.685675904228192,0.809928753001029,"R",NA,"Sinusoidal",2024-02-03,0.783058130441221
35,0.664441118647086,0.605652282804383,0.723681438299898,"R",NA,"Sinusoidal",2024-02-04,0.65991363111454
36,0.609122756040544,0.553897481448631,0.666327919885551,"R",NA,"Sinusoidal",2024-02-05,0.566987298107781
37,0.579566120696881,0.526397691368881,0.635246801087692,"R",NA,"Sinusoidal",2024-02-06,0.512536043909088
38,0.574136582129811,0.522997898577041,0.628269983614127,"R",NA,"Sinusoidal",2024-02-07,0.50139810140941
39,0.592114814348433,0.540874005106,0.647621303292452,"R",NA,"Sinusoidal",2024-02-08,0.534563125677898
40,0.633726043578062,0.577934269846706,0.692932945184407,"R",NA,"Sinusoidal",2024-02-09,0.609084258765985
41,0.69973762711405,0.63578180171287,0.764531898324758,"R",NA,"Sinusoidal",2024-02-10,0.718339970968189
42,0.790607021756779,0.719379468268561,0.857646292371948,"R",NA,"Sinusoidal",2024-02-11,0.852622412794548
43,0.905149879757099,0.825525309013129,0.980176954924115,"R",NA,"Sinusoidal",2024-02-12,1
44,1.03884886279831,0.951926383163668,1.12058225746339,"R",NA,"Sinusoidal",2024-02-13,1.14737758720545
45,1.18226701760602,1.09046210765736,1.27493970005016,"R",NA,"Sinusoidal",2024-02-14,1.28166002903181
46,1.32044934313652,1.22181971237008,1.4217222187609,"R",NA,"Sinusoidal",2024-02-15,1.39091574123401
47,1.4343489629059,1.32775961778105,1.53750460210327,"R",NA,"Sinusoidal",2024-02-16,1.4654368743221
48,1.50475630429164,1.3984007421907,1.61750157164945,"R",NA,"Sinusoidal",2024-02-17,1.49860189859059
49,1.51785015216896,1.40956183294979,1.63860824464295,"R",NA,"Sinusoidal",2024-02-18,1.48746395609091
50,1.47004897433319,1.35978262899872,1.5875186401796,"R",NA,"Sinusoidal",2024-02-19,1.43301270189222
51,1.36958847318987,1.26499993135262,1.48183538731833,"R",NA,"Sinusoidal",2024-02-20,1.34008636888546
52,1.23381665906709,1.13478143028402,1.33351679611338,"R",NA,"Sinusoidal",2024-02-21,1.21694186955878
53,1.08361751033246,0.999312960922839,1.17094125564623,"R",NA,"Sinusoidal",2024-02-22,1.07452113308809
54,0.937786181865964,0.863316122674324,1.01663009351262,"R",NA,"Sinusoidal",2024-02-23,0.925478866911913
55,0.80964045158797,0.741358453193309,0.880897183966156,"R",NA,"Sinusoidal",2024-02-24,0.783058130441221
56,0.706442334839683,0.647324660883138,0.768482078498569,"R",NA,"Sinusoidal",2024-02-25,0.65991363111454
57,0.630775279914167,0.575261986150963,0.690280212772768,"R",NA,"Sinusoidal",2024-02-26,0.56698729810778
58,0.582612387483211,0.530456394043237,0.638059748229514,"R",NA,"Sinusoidal",2024-02-27,0.512536043909088
59,0.561170391809439,0.507073812694293,0.61574998771306,"R",NA,"Sinusoidal",2024-02-28,0.50139810140941
60,0.566176566541919,0.511767663171511,0.61947875020664,"R",NA,"Sinusoidal",2024-02-29,0.534563125677898
61,0.59850251548354,0.540254448121222,0.655301201971066,"R",NA,"Sinusoidal",2024-03-01,0.609084258765985
62,0.660174030668686,0.593292263698586,0.72363870282776,"R",NA,"Sinusoidal",2024-03-02,0.718339970968189
63,0.75365333240301,0.67832359536516,0.825869391230156,"R",NA,"Sinusoidal",2024-03-03,0.852622412794549
64,0.880179482469137,0.798023477233395,0.963737021249959,"R",NA,"Sinusoidal",2024-03-04,1
65,1.03707457538779,0.949242101474128,1.12954033704986,"R",NA,"Sinusoidal",2024-03-05,1.14737758720545
66,1.21452114393019,1.11678916470753,1.31216644357293,"R",NA,"Sinusoidal",2024-03-06,1.28166002903181
67,1.3933779367668,1.2873121315062,1.50393473975499,"R",NA,"Sinusoidal",2024-03-07,1.39091574123401
68,1.54642045854585,1.43048510436746,1.66596039471022,"R",NA,"Sinusoidal",2024-03-08,1.4654368743221
69,1.64461381808973,1.52169969102021,1.77398989423045,"R",NA,"Sinusoidal",2024-03-09,1.49860189859059
70,1.66697828492176,1.54424889626954,1.80611436262837,"R",NA,"Sinusoidal",2024-03-10,1.48746395609091
71,1.60910195045959,1.48613232676267,1.74365026524207,"R",NA,"Sinusoidal",2024-03-11,1.43301270189222
72,1.48498361431765,1.36449505760068,1.60939771958881,"R",NA,"Sinusoidal",2024-03-12,1.34008636888546
73,1.32099571867737,1.21107913080325,1.43074375001897,"R",NA,"Sinusoidal",2024-03-13,1.21694186955878
74,1.14595489381468,1.04952283250721,1.24425583924867,"R",NA,"Sinusoidal",2024-03-14,1.07452113308809
75,0.982941866015747,0.899177218696026,1.06677216178806,"R",NA,"Sinusoidal",2024-03-15,0.925478866911912
76,0.845938769980125,0.769261229771033,0.921807919582963,"R",NA,"Sinusoidal",2024-03-16,0.783058130441221
77,0.74075183418372,0.672689272010434,0.812454498667334,"R",NA,"Sinusoidal",2024-03-17,0.65991363111454
78,0.667932349505914,0.606806707818628,0.73410495662872,"R",NA,"Sinusoidal",2024-03-18,0.56698729810778
79,0.625713169920643,0.566844551709719,0.688711640584083,"R",NA,"Sinusoidal",2024-03-19,0.512536043909088
80,0.61204468946899,0.552856486006997,0.673275219275726,"R",NA,"Sinusoidal",2024-03-20,0.50139810140941
81,0.625615041434467,0.566549648525067,0.685812156070749,"R",NA,"Sinusoidal",2024-03-21,0.534563125677898
82,0.666031910181355,0.603672789459798,0.731015384545529,"R",NA,"Sinusoidal",2024-03-22,0.609084258765985
83,0.733319157455022,0.669081108755348,0.8021588268341,"R",NA,"Sinusoidal",2024-03-23,0.718339970968189
84,0.826795586718938,0.753344263288611,0.900425822985049,"R",NA,"Sinusoidal",2024-03-24,0.852622412794549
85,0.943444606258838,0.861613106545163,1.03005010631849,"R",NA,"Sinusoidal",2024-03-25,1
86,1.07614696250217,0.988599810725058,1.17388538728711,"R",NA,"Sinusoidal",2024-03-26,1.14737758720545
87,1.21256417556592,1.11948299403633,1.31581122566143,"R",NA,"Sinusoidal",2024-03-27,1.28166002903181
88,1.33571042974646,1.23803739588193,1.44982497654896,"R",NA,"Sinusoidal",2024-03-28,1.39091574123401
89,1.42687730262257,1.32117370181163,1.54552501810271,"R",NA,"Sinusoidal",2024-03-29,1.4654368743221
90,1.47041313221199,1.35864818110271,1.59670208133039,"R",NA,"Sinusoidal",2024-03-30,1.49860189859059
91,1.45848615102017,1.34274229118661,1.58403882029409,"R",NA,"Sinusoidal",2024-03-31,1.48746395609091
92,1.39349771680509,1.27989322215721,1.51601325179461,"R",NA,"Sinusoidal",2024-04-01,1.43301270189222
93,1.28690195144856,1.17873617606286,1.40179526124233,"R",NA,"Sinusoidal",2024-04-02,1.34008636888546
94,1.15516523216915,1.0582693483994,1.25763801181203,"R",NA,"Sinusoidal",2024-04-03,1.21694186955878
95,1.01498004604163,0.925815926397418,1.11117704743662,"R",NA,"Sinusoidal",2024-04-04,1.07452113308809
96,0.879741703957597,0.794445917526752,0.965867210187786,"R",NA,"Sinusoidal",2024-04-05,0.925478866911912
97,0.758119677205298,0.680625681970756,0.836312895767264,"R",NA,"Sinusoidal",2024-04-06,0.783058130441221
98,0.654372390534484,0.580472685585869,0.7323629961775,"R",NA,"Sinusoidal",2024-04-07,0.65991363111454
99,0.569537341152362,0.490536143319553,0.654298629393599,"R",NA,"Sinusoidal",2024-04-08,0.56698729810778
100,0.502738424613687,0.408200178933186,0.616225243045347,"R",NA,"Sinusoidal",2024-04-09,0.512536043909088
1,93.7925,66,124.0125,"I",6.29581374999999,"Sinusoidal",2024-01-01,83
2,109.7165,82.9875,142,"I",4.44699275,"Sinusoidal",2024-01-02,116
3,123.089,94,156.0125,"I",4.6708245,"Sinusoidal",2024-01-03,130
4,144.3315,110,180,"I",7.86806125,"Sinusoidal",2024-01-04,131
5,153.5395,120,190,"I",8.11771525,"Sinusoidal",2024-01-05,167
6,175.7325,140,217.0125,"I",4.51867975,"Sinusoidal",2024-01-06,180
7,177.0405,142.9875,217,"I",3.96351225,"Sinusoidal",2024-01-07,178
8,183.0625,147,224,"I",16.13049075,"Sinusoidal",2024-01-08,158
9,185.3115,146,223,"I",4.35605375,"Sinusoidal",2024-01-09,188
10,173.0895,136,213,"I",14.13773675,"Sinusoidal",2024-01-10,195
11,163.721,129.9875,199,"I",4.4229145,"Sinusoidal",2024-01-11,158
12,139.2235,108,172.0125,"I",5.07402975000001,"Sinusoidal",2024-01-12,147
13,127.3855,97,159,"I",3.35714425,"Sinusoidal",2024-01-13,125
14,104.8625,78,133.0125,"I",5.63049025,"Sinusoidal",2024-01-14,114
15,92.226,67,119,"I",2.7228675,"Sinusoidal",2024-01-15,90
16,85.149,62,110,"I",2.5226795,"Sinusoidal",2024-01-16,86
17,78.311,57,103,"I",10.9632655,"Sinusoidal",2024-01-17,62
18,78.947,57.9875,103,"I",4.061443,"Sinusoidal",2024-01-18,72
19,76.1345,55,99.0125,"I",11.02880525,"Sinusoidal",2024-01-19,60
20,83.1875,62,108,"I",10.66543025,"Sinusoidal",2024-01-20,99
21,86.039,63.9875,111,"I",3.841308,"Sinusoidal",2024-01-21,92
22,96.6485,72,123,"I",5.17977925,"Sinusoidal",2024-01-22,105
23,112.3205,85,142,"I",7.06184225,"Sinusoidal",2024-01-23,124
24,125.4705,97,158,"I",4.24670125,"Sinusoidal",2024-01-24,119
25,147.212,117,182.0125,"I",3.4241445,"Sinusoidal",2024-01-25,146
26,156.753,122,192.0125,"I",5.3587035,"Sinusoidal",2024-01-26,148
27,177.345,141,216.0125,"I",3.99483749999999,"Sinusoidal",2024-01-27,179
28,175.8345,140,214.0125,"I",5.09749375,"Sinusoidal",2024-01-28,168
29,176.9175,140,217,"I",7.02648325,"Sinusoidal",2024-01-29,165
30,176.3215,142,215,"I",4.03922025,"Sinusoidal",2024-01-30,173
31,161.2385,128,197.0125,"I",30.83292175,"Sinusoidal",2024-01-31,201
32,150.6405,118,187,"I",6.19949875,"Sinusoidal",2024-02-01,140
33,127.434,98,159,"I",4.128358,"Sinusoidal",2024-02-02,133
34,116.8355,89,149,"I",3.16952274999999,"Sinusoidal",2024-02-03,114
35,97.351,72,126,"I",2.935365,"Sinusoidal",2024-02-04,95
36,86.9695,64,111.0125,"I",8.29197475,"Sinusoidal",2024-02-05,100
37,81.5615,59,104,"I",8.55555725,"Sinusoidal",2024-02-06,68
38,75.1785,55,98,"I",13.80880075,"Sinusoidal",2024-02-07,56
39,75.763,54,100.0125,"I",2.399905,"Sinusoidal",2024-02-08,74
40,72.5285,52,95.0125,"I",4.10888375,"Sinusoidal",2024-02-09,79
41,77.863,56,102.0125,"I",3.157067,"Sinusoidal",2024-02-10,82
42,78.393,57,103,"I",2.360885,"Sinusoidal",2024-02-11,79
43,85.3975,64,111,"I",10.45846125,"Sinusoidal",2024-02-12,101
44,97.6725,73,125,"I",3.30613575,"Sinusoidal",2024-02-13,93
45,106.0615,80,133.0125,"I",8.53107475,"Sinusoidal",2024-02-14,92
46,123.195,94,155,"I",11.475962,"Sinusoidal",2024-02-15,141
47,129.839,100,161,"I",5.8663965,"Sinusoidal",2024-02-16,120
48,147.789,116,184,"I",3.3257825,"Sinusoidal",2024-02-17,148
49,148.974,118,183,"I",10.186921,"Sinusoidal",2024-02-18,132
50,154.546,122,188.0125,"I",11.5957165,"Sinusoidal",2024-02-19,173
51,156.9325,122.9875,189,"I",3.63009725,"Sinusoidal",2024-02-20,156
52,147.795,115.9875,183,"I",3.75953249999999,"Sinusoidal",2024-02-21,151
53,141.8145,111,176,"I",5.30421825,"Sinusoidal",2024-02-22,133
54,121.208,92,151,"I",3.131553,"Sinusoidal",2024-02-23,120
55,111.213,84,142,"I",11.048437,"Sinusoidal",2024-02-24,128
56,91.6755,68,118,"I",4.08961975,"Sinusoidal",2024-02-25,98
57,80.9365,59,105,"I",2.98220875,"Sinusoidal",2024-02-26,77
58,73.911,54,97,"I",6.538478,"Sinusoidal",2024-02-27,63
59,66.4805,47,87,"I",3.85066175,"Sinusoidal",2024-02-28,60
60,66.086,46.9875,87,"I",2.13097,"Sinusoidal",2024-02-29,65
61,62.4995,43,82,"I",2.08176125,"Sinusoidal",2024-03-01,62
62,66.4755,46.9875,88,"I",2.12230425,"Sinusoidal",2024-03-02,67
63,67.6165,46,90,"I",2.09383825,"Sinusoidal",2024-03-03,68
64,74.8145,54,99,"I",2.64716075,"Sinusoidal",2024-03-04,77
65,86.6125,62.9875,111,"I",2.62040575,"Sinusoidal",2024-03-05,88
66,97.2145,72,125,"I",4.35272775,"Sinusoidal",2024-03-06,90
67,115.6585,88.9875,146.0125,"I",3.98945875,"Sinusoidal",2024-03-07,121
68,124.824,94,155,"I",12.620444,"Sinusoidal",2024-03-08,144
69,145.1235,113.9875,180,"I",7.02092575,"Sinusoidal",2024-03-09,133
70,149.4805,119,183,"I",3.55506525,"Sinusoidal",2024-03-10,147
71,156.835,124.9875,192.0125,"I",6.7426255,"Sinusoidal",2024-03-11,145
72,160.915,127,197,"I",4.6437505,"Sinusoidal",2024-03-12,167
73,151.164,118.9875,186,"I",3.500275,"Sinusoidal",2024-03-13,152
74,145.136,114,179,"I",5.34568,"Sinusoidal",2024-03-14,153
75,125.013,95,157,"I",3.3583975,"Sinusoidal",2024-03-15,123
76,114.917,86,145,"I",4.791116,"Sinusoidal",2024-03-16,107
77,95.9735,72,123,"I",6.12454575,"Sinusoidal",2024-03-17,106
78,85.9755,63,110,"I",4.36639825,"Sinusoidal",2024-03-18,93
79,80.1665,58.9875,105,"I",2.42411725,"Sinusoidal",2024-03-19,80
80,74.494,53,99,"I",2.4079295,"Sinusoidal",2024-03-20,73
81,74.559,53,99,"I",6.236875,"Sinusoidal",2024-03-21,64
82,72.1255,52,96,"I",6.01948975,"Sinusoidal",2024-03-22,62
83,77.7115,55.9875,101,"I",6.41245974999999,"Sinusoidal",2024-03-23,67
84,78.782,58,102,"I",7.087275,"Sinusoidal",2024-03-24,90
85,86.007,63,111,"I",2.778215,"Sinusoidal",2024-03-25,88
86,97.902,73,125.0125,"I",3.323741,"Sinusoidal",2024-03-26,102
87,106.4125,82,133,"I",2.86730375,"Sinusoidal",2024-03-27,105
88,122.7925,94,153,"I",15.40473175,"Sinusoidal",2024-03-28,145
89,127.531,97.9875,159,"I",3.622086,"Sinusoidal",2024-03-29,123
90,143.416,111.9875,177,"I",5.175342,"Sinusoidal",2024-03-30,135
91,141.9535,111,177,"I",8.13502225,"Sinusoidal",2024-03-31,128
92,144.5155,112.9875,180,"I",4.75699425,"Sinusoidal",2024-04-01,137
93,144.8645,114,179,"I",4.67881625,"Sinusoidal",2024-04-02,151
94,135.3155,102,169.0125,"I",4.63072475,"Sinusoidal",2024-04-03,142
95,127.778,100,159.0125,"I",4.3779365,"Sinusoidal",2024-04-04,134
96,108.384,83,137.0125,"I",2.9383985,"Sinusoidal",2024-04-05,110
97,98.19,73,125,"I",2.676062,"Sinusoidal",2024-04-06,98
98,80.129,58,106,"I",3.361135,"Sinusoidal",2024-04-07,75
99,67.8915,47,91,"I",2.56081375,"Sinusoidal",2024-04-08,70
100,58.6305,38,83,"I",2.69800625,"Sinusoidal",2024-04-09,55
1,0.748915970822982,0.236760492099046,1.90062587500175,"R",NA,"Step change",2024-01-01,0.666666666666667
2,0.730151404864582,0.239555554065938,1.74328792772762,"R",NA,"Step change",2024-01-02,0.666666666666667
3,0.712338332746218,0.243912461543861,1.60337430943043,"R",NA,"Step change",2024-01-03,0.666666666666667
4,0.696343107931823,0.2508266325151,1.46161058770361,"R",NA,"Step change",2024-01-04,0.666666666666667
5,0.682884841986858,0.260986700131016,1.3589264399795,"R",NA,"Step change",2024-01-05,0.666666666666667
6,0.672422998866682,0.276620749756153,1.22919252260288,"R",NA,"Step change",2024-01-06,0.666666666666667
7,0.665093698870078,0.298531349246399,1.12221144938449,"R",NA,"Step change",2024-01-07,0.666666666666667
8,0.660694063564698,0.32318661781463,1.02700604331773,"R",NA,"Step change",2024-01-08,0.666666666666667
9,0.65870630393684,0.349568613715962,0.964182940661983,"R",NA,"Step change",2024-01-09,0.666666666666667
10,0.658356302468627,0.38131331588542,0.904622304589517,"R",NA,"Step change",2024-01-10,0.666666666666667
11,0.658708421515947,0.410788728754323,0.863263213303812,"R",NA,"Step change",2024-01-11,0.666666666666667
12,0.658800553202625,0.439459733213498,0.831970537737433,"R",NA,"Step change",2024-01-12,0.666666666666667
13,0.657814723586692,0.462070827567547,0.813813799412477,"R",NA,"Step change",2024-01-13,0.666666666666667
14,0.655259515564864,0.489534453234815,0.794900926624238,"R",NA,"Step change",2024-01-14,0.666666666666667
15,0.651121542622097,0.508692433445712,0.771443435833074,"R",NA,"Step change",2024-01-15,0.666666666666667
16,0.645940108057327,0.526995417457975,0.755195918261218,"R",NA,"Step change",2024-01-16,0.666666666666667
17,0.640781142986118,0.535528421583121,0.744740301040528,"R",NA,"Step change",2024-01-17,0.666666666666667
18,0.637124832559672,0.537660738716527,0.742812058458644,"R",NA,"Step change",2024-01-18,0.666666666666667
19,0.636713163402699,0.538350617031665,0.746130675013016,"R",NA,"Step change",2024-01-19,0.666666666666667
20,0.641409816774183,0.544497040135014,0.750376314650268,"R",NA,"Step change",2024-01-20,0.666666666666667
21,0.653104425559898,0.552862147696586,0.766987672544187,"R",NA,"Step change",2024-01-21,0.666666666666667
22,0.673660613917052,0.571165840430738,0.786824906486143,"R",NA,"Step change",2024-01-22,0.666666666666667
23,0.704878317489047,0.599332627460989,0.823657848449522,"R",NA,"Step change",2024-01-23,0.666666666666667
24,0.748423573295029,0.635696567211719,0.869014319662178,"R",NA,"Step change",2024-01-24,0.666666666666667
25,0.805674702862901,0.681254602435266,0.928714277281939,"R",NA,"Step change",2024-01-25,0.666666666666667
26,0.877444344235902,0.746412173355781,1.00713109796885,"R",NA,"Step change",2024-01-26,0.666666666666667
27,0.963568267593251,0.82687822856658,1.10371227095634,"R",NA,"Step change",2024-01-27,0.666666666666667
28,1.06241126626949,0.916613591755298,1.21567309492298,"R",NA,"Step change",2024-01-28,1.5
29,1.17042354413575,1.0156238560778,1.35006133896083,"R",NA,"Step change",2024-01-29,1.5
30,1.28195889382456,1.11432285213281,1.47169155222963,"R",NA,"Step change",2024-01-30,1.5
31,1.3895832125853,1.21141144248634,1.58798294970872,"R",NA,"Step change",2024-01-31,1.5
32,1.4850027504689,1.29574007259258,1.68502526185312,"R",NA,"Step change",2024-02-01,1.5
33,1.56051883564945,1.36729599312001,1.75945191206401,"R",NA,"Step change",2024-02-02,1.5
34,1.61064905474711,1.41244325742788,1.81469760006188,"R",NA,"Step change",2024-02-03,1.5
35,1.63339108796834,1.43699413026141,1.8412851850435,"R",NA,"Step change",2024-02-04,1.5
36,1.63067214501229,1.43656772298987,1.83776994288239,"R",NA,"Step change",2024-02-05,1.5
37,1.60782747900081,1.4217314073591,1.81107507061232,"R",NA,"Step change",2024-02-06,1.5
38,1.57233387092309,1.39172300289662,1.76671028059359,"R",NA,"Step change",2024-02-07,1.5
39,1.5322742989495,1.35703697396985,1.71370097501451,"R",NA,"Step change",2024-02-08,1.5
40,1.49500592058539,1.32284177052763,1.67316657190433,"R",NA,"Step change",2024-02-09,1.5
41,1.46629317267688,1.29836668983485,1.64632742556185,"R",NA,"Step change",2024-02-10,1.5
42,1.4499082527625,1.28040932754844,1.62492323407126,"R",NA,"Step change",2024-02-11,1.5
43,1.44753140635021,1.28839456528615,1.62506480552617,"R",NA,"Step change",2024-02-12,1.5
44,1.45875114965267,1.2986136522436,1.63666921163309,"R",NA,"Step change",2024-02-13,1.5
45,1.48104252608091,1.32281460158298,1.66244271181882,"R",NA,"Step change",2024-02-14,1.5
46,1.50973791299452,1.35050003016989,1.68834050466788,"R",NA,"Step change",2024-02-15,1.5
47,1.53814861146965,1.38360251497993,1.71295579551914,"R",NA,"Step change",2024-02-16,1.5
48,1.55808578499343,1.39590040676182,1.72435708172394,"R",NA,"Step change",2024-02-17,1.5
49,1.56098652992857,1.39514388286861,1.72300852186634,"R",NA,"Step change",2024-02-18,1.5
50,1.53961489374934,1.37159792874101,1.69518848939702,"R",NA,"Step change",2024-02-19,1.5
51,1.48992981471902,1.33172339467825,1.64570485534826,"R",NA,"Step change",2024-02-20,1.5
52,1.41241176004531,1.26881581970743,1.56573667374518,"R",NA,"Step change",2024-02-21,1.5
53,1.31219601517867,1.18155943217851,1.44656107494377,"R",NA,"Step change",2024-02-22,1.5
54,1.19785048528287,1.08200693006158,1.31866854018064,"R",NA,"Step change",2024-02-23,1.5
55,1.07928238820053,0.974080786674068,1.19055424045382,"R",NA,"Step change",2024-02-24,1.5
56,0.965622320356624,0.868870605876112,1.07003456009644,"R",NA,"Step change",2024-02-25,0.666666666666667
57,0.863800423788332,0.77325887420169,0.968913434745567,"R",NA,"Step change",2024-02-26,0.666666666666667
58,0.778068214335132,0.691710862143413,0.871865802982002,"R",NA,"Step change",2024-02-27,0.666666666666667
59,0.710278554301298,0.629551476066795,0.800593087009466,"R",NA,"Step change",2024-02-28,0.666666666666667
60,0.66053630226466,0.585078460646737,0.749446947568092,"R",NA,"Step change",2024-02-29,0.666666666666667
61,0.627867914228906,0.55280088989747,0.712452638380436,"R",NA,"Step change",2024-03-01,0.666666666666667
62,0.61070338512043,0.535954313679731,0.692286910075626,"R",NA,"Step change",2024-03-02,0.666666666666667
63,0.607106819875445,0.531745739340049,0.687710379094578,"R",NA,"Step change",2024-03-03,0.666666666666667
64,0.61478978293055,0.538695757853404,0.69409642981708,"R",NA,"Step change",2024-03-04,0.666666666666667
65,0.631001619413961,0.552487920556558,0.717887707758758,"R",NA,"Step change",2024-03-05,0.666666666666667
66,0.652429947197542,0.57106620878677,0.740323622140039,"R",NA,"Step change",2024-03-06,0.666666666666667
67,0.675259844990082,0.592327661765121,0.765964914910545,"R",NA,"Step change",2024-03-07,0.666666666666667
68,0.695505698269856,0.609174402163238,0.790205292409256,"R",NA,"Step change",2024-03-08,0.666666666666667
69,0.709621125364572,0.620964873690893,0.807426117691453,"R",NA,"Step change",2024-03-09,0.666666666666667
70,0.71523201496214,0.623550679196952,0.813068571783221,"R",NA,"Step change",2024-03-10,0.666666666666667
71,0.711714105796869,0.619321033677421,0.813345514151036,"R",NA,"Step change",2024-03-11,0.666666666666667
72,0.700354846865416,0.610351257534765,0.799095834957786,"R",NA,"Step change",2024-03-12,0.666666666666667
73,0.684020642826388,0.59863546321812,0.783508927069212,"R",NA,"Step change",2024-03-13,0.666666666666667
74,0.666485791951142,0.580652908747489,0.765042286922638,"R",NA,"Step change",2024-03-14,0.666666666666667
75,0.651710823836978,0.56327013106551,0.753485870204185,"R",NA,"Step change",2024-03-15,0.666666666666667
76,0.643315576393873,0.550974147903587,0.74583081881933,"R",NA,"Step change",2024-03-16,0.666666666666667
77,0.644338225309461,0.546700342510837,0.746080827050175,"R",NA,"Step change",2024-03-17,0.666666666666667
78,0.657220364070101,0.560111417478585,0.763185926177204,"R",NA,"Step change",2024-03-18,0.666666666666667
79,0.683880077089083,0.581467756462542,0.798008387596996,"R",NA,"Step change",2024-03-19,0.666666666666667
80,0.725730671891003,0.619682785193203,0.845653319329865,"R",NA,"Step change",2024-03-20,0.666666666666667
81,0.783542647467685,0.673549277707322,0.908206414741817,"R",NA,"Step change",2024-03-21,0.666666666666667
82,0.857111632093359,0.742007921002904,0.993081347573002,"R",NA,"Step change",2024-03-22,0.666666666666667
83,0.94478624930887,0.819452968112042,1.08650627106546,"R",NA,"Step change",2024-03-23,0.666666666666667
84,1.04302513964346,0.904765835785194,1.19641632074949,"R",NA,"Step change",2024-03-24,1.5
85,1.14625298297136,0.996155358855675,1.31228117050773,"R",NA,"Step change",2024-03-25,1.5
86,1.24728660248208,1.0813479839429,1.42977737462331,"R",NA,"Step change",2024-03-26,1.5
87,1.33842606569694,1.1639345272851,1.53025494251737,"R",NA,"Step change",2024-03-27,1.5
88,1.41298198492822,1.24053264409922,1.59995059565865,"R",NA,"Step change",2024-03-28,1.5
89,1.46672173225928,1.28863241175013,1.65281750076956,"R",NA,"Step change",2024-03-29,1.5
90,1.49868457130052,1.32259049563062,1.68690278627163,"R",NA,"Step change",2024-03-30,1.5
91,1.51109248867772,1.32999533162051,1.70448513254023,"R",NA,"Step change",2024-03-31,1.5
92,1.50848715302583,1.32641937940833,1.70537666811911,"R",NA,"Step change",2024-04-01,1.5
93,1.49649626991341,1.31843543183237,1.68699007016084,"R",NA,"Step change",2024-04-02,1.5
94,1.48065567729079,1.30458590868859,1.67265205921086,"R",NA,"Step change",2024-04-03,1.5
95,1.46555630969671,1.29437437712262,1.65637149447631,"R",NA,"Step change",2024-04-04,1.5
96,1.45439334010508,1.28152945244536,1.63405578350458,"R",NA,"Step change",2024-04-05,1.5
97,1.44886822841749,1.27446273065122,1.62463456877604,"R",NA,"Step change",2024-04-06,1.5
98,1.44934984878701,1.25950028699906,1.65398160423811,"R",NA,"Step change",2024-04-07,1.5
99,1.45520267373331,1.22303443764979,1.71477237495591,"R",NA,"Step change",2024-04-08,1.5
100,1.46519677145289,1.17469348561599,1.81363241849537,"R",NA,"Step change",2024-04-09,1.5
1,64.2815,40,91.0125,"I",5.42395575,"Step change",2024-01-01,73
2,62.562,40,90,"I",3.1754065,"Step change",2024-01-02,58
3,64.811,41.9875,92,"I",4.5649365,"Step change",2024-01-03,57
4,57.204,36,83,"I",2.5872165,"Step change",2024-01-04,59
5,53.013,33,76,"I",2.493862,"Step change",2024-01-05,50
6,53.284,33,76,"I",6.7345095,"Step change",2024-01-06,64
7,49.2755,31,72,"I",2.12923625,"Step change",2024-01-07,48
8,48.55,29,69,"I",5.746955,"Step change",2024-01-08,39
9,45.181,27,67.0125,"I",2.2271115,"Step change",2024-01-09,47
10,45.105,27,65,"I",2.5667195,"Step change",2024-01-10,48
11,39.457,23,58,"I",1.867108,"Step change",2024-01-11,40
12,36.2495,21,53,"I",1.73445625,"Step change",2024-01-12,36
13,36.035,21,54,"I",2.121259,"Step change",2024-01-13,33
14,32.9435,19,51,"I",1.94311225,"Step change",2024-01-14,35
15,32.151,18,48.0125,"I",1.670576,"Step change",2024-01-15,32
16,29.5985,17,46,"I",4.06418225,"Step change",2024-01-16,36
17,29.1705,15,46,"I",1.62992225,"Step change",2024-01-17,30
18,25.1075,12.9875,40,"I",3.51651675,"Step change",2024-01-18,19
19,22.9225,11.9875,37,"I",1.35240175,"Step change",2024-01-19,22
20,22.884,12,36,"I",4.6519405,"Step change",2024-01-20,30
21,21.132,11,34,"I",1.478569,"Step change",2024-01-21,19
22,21.251,10,34,"I",1.8859185,"Step change",2024-01-22,24
23,20.6085,10,34,"I",1.63765925,"Step change",2024-01-23,18
24,21.817,11,34.0125,"I",2.7098345,"Step change",2024-01-24,17
25,20.743,10,34,"I",2.6954655,"Step change",2024-01-25,16
26,20.85,10,34,"I",2.759816,"Step change",2024-01-26,16
27,23.0635,11,37,"I",5.15762125,"Step change",2024-01-27,15
28,24.5355,12.9875,39.0125,"I",1.88053775,"Step change",2024-01-28,27
29,27.6825,14.9875,43,"I",7.99756975,"Step change",2024-01-29,39
30,29.9455,17,47,"I",3.20012875,"Step change",2024-01-30,35
31,35.07,19,53,"I",3.7668295,"Step change",2024-01-31,41
32,35.728,21,54,"I",3.2304545,"Step change",2024-02-01,30
33,38.3645,23,57,"I",1.97328575,"Step change",2024-02-02,40
34,44.09,27,65,"I",3.564564,"Step change",2024-02-03,38
35,47.729,29,68,"I",2.617492,"Step change",2024-02-04,51
36,52.894,33.9875,74,"I",2.225068,"Step change",2024-02-05,51
37,55.238,35,80,"I",3.269064,"Step change",2024-02-06,50
38,62.2045,40,87.0125,"I",2.53870475,"Step change",2024-02-07,63
39,60.9395,38,85,"I",2.88703125,"Step change",2024-02-08,64
40,62.2675,40,87.0125,"I",2.67759425,"Step change",2024-02-09,64
41,69.019,46,97,"I",2.849314,"Step change",2024-02-10,71
42,71.6465,47.9875,102,"I",2.93343075,"Step change",2024-02-11,73
43,79.074,54,111.0125,"I",3.022331,"Step change",2024-02-12,79
44,83.076,56,117,"I",3.114431,"Step change",2024-02-13,83
45,94.5115,64,130,"I",5.11445775,"Step change",2024-02-14,102
46,96.201,66,136,"I",5.29662,"Step change",2024-02-15,87
47,101.3025,68,139.0125,"I",4.75796575000001,"Step change",2024-02-16,94
48,115.081,79,158,"I",4.3488085,"Step change",2024-02-17,110
49,122.471,87,170,"I",4.9769065,"Step change",2024-02-18,115
50,133.8345,92.9875,180,"I",8.48274875,"Step change",2024-02-19,119
51,137.829,98,182.0375,"I",9.9440045,"Step change",2024-02-20,154
52,148.099,104,199.0125,"I",6.62932,"Step change",2024-02-21,138
53,136.0585,92,184,"I",17.79538625,"Step change",2024-02-22,163
54,127.6235,89,174,"I",25.46999275,"Step change",2024-02-23,163
55,125.5565,88,169,"I",23.18707125,"Step change",2024-02-24,158
56,114.7225,79,160,"I",35.09531075,"Step change",2024-02-25,70
57,107.3105,74,149,"I",4.46548225,"Step change",2024-02-26,101
58,95.3595,64,128,"I",3.78811825,"Step change",2024-02-27,91
59,90.691,60.9875,128,"I",13.258993,"Step change",2024-02-28,70
60,76.6,51,108.0125,"I",4.85161,"Step change",2024-02-29,84
61,68.2915,44.9875,96,"I",3.30039775,"Step change",2024-03-01,72
62,65.8885,42,94,"I",2.52824125,"Step change",2024-03-02,66
63,60.9985,40,89,"I",2.47127825,"Step change",2024-03-03,61
64,60.544,39,88,"I",2.604064,"Step change",2024-03-04,58
65,56.9815,35,81,"I",3.92128425,"Step change",2024-03-05,63
66,58.7975,37.9875,85,"I",2.82646575,"Step change",2024-03-06,55
67,52.7465,34,76,"I",4.00448424999999,"Step change",2024-03-07,59
68,49.6805,31,73,"I",4.98419925,"Step change",2024-03-08,41
69,49.911,30,73,"I",2.302219,"Step change",2024-03-09,48
70,46.8935,28.9875,69,"I",7.22627975,"Step change",2024-03-10,58
71,45.774,27,67,"I",2.0745985,"Step change",2024-03-11,45
72,42.026,25.9875,62.0125,"I",3.976227,"Step change",2024-03-12,35
73,41.185,24,60,"I",2.667486,"Step change",2024-03-13,45
74,35.2875,21,53,"I",1.75138075,"Step change",2024-03-14,34
75,31.832,17,49.0125,"I",2.317116,"Step change",2024-03-15,35
76,30.909,18,46.0125,"I",1.602367,"Step change",2024-03-16,32
77,29.057,16,45.0125,"I",3.7123855,"Step change",2024-03-17,35
78,28.738,15,46,"I",4.6907305,"Step change",2024-03-18,21
79,27.371,15,44,"I",2.036234,"Step change",2024-03-19,24
80,29.2975,16,45,"I",2.96758625,"Step change",2024-03-20,34
81,27.679,15,44,"I",1.495668,"Step change",2024-03-21,27
82,27.977,15,44,"I",6.632432,"Step change",2024-03-22,18
83,31.23,18,47,"I",10.473589,"Step change",2024-03-23,17
84,33.0605,19,51,"I",4.33796325,"Step change",2024-03-24,40
85,36.7505,21,55,"I",2.86807175,"Step change",2024-03-25,41
86,39.1595,23.9875,57,"I",1.73378625,"Step change",2024-03-26,39
87,45.197,28,66.0125,"I",7.876453,"Step change",2024-03-27,57
88,45.6385,28,67,"I",2.19778075,"Step change",2024-03-28,47
89,48.0615,29,70,"I",2.15873575,"Step change",2024-03-29,46
90,54.1565,33,78,"I",5.20977475,"Step change",2024-03-30,45
91,56.9515,35,82,"I",3.98662075,"Step change",2024-03-31,63
92,62.6215,39,87.0125,"I",3.18355575,"Step change",2024-04-01,67
93,65.1295,43.9875,92,"I",2.56203025,"Step change",2024-04-02,64
94,72.95,48,101,"I",2.673828,"Step change",2024-04-03,73
95,71.891,46,101.0125,"I",5.725129,"Step change",2024-04-04,62
96,73.6205,47,104.0125,"I",3.08575925,"Step change",2024-04-05,76
97,82.0085,54,114,"I",3.57493075,"Step change",2024-04-06,86
98,86.043,57,120,"I",3.232887,"Step change",2024-04-07,86
99,94.866,63.9875,133,"I",4.535054,"Step change",2024-04-08,100
100,101.1445,67,147,"I",4.67688925,"Step change",2024-04-09,95
